task_id,smiles,smiles_sha256
S000001,*C*,f36d57fccdfc96615be8815c437efe95a1757f36f5c8d55954a1d3b2232def7e
S000002,*CC(*)C,6e545ca8b11c4c21186b364ce74ab21b636ee412a9f8f9671db4e83ddf499945
S000003,*CC(*)CC,e55e25032750ba4eea7b1562c1dd121705e20d742fc7ad099a69a4f0ce4380ac
S000004,*CC(*)CCC,bd578e3eb80fd2c54849e11f064bb140a8cfaa935e74b07b88e560367b655d0c
S000005,*CC(*)C(C)C,cd2add9f52b3e22a11a85cf543ece56e1177f67d358e331a296fcf75b8943303
S000006,*CC(*)CCCC,0afbfbe8df1cbb41998e36bf02a70edede5be2a6b74a349d00401aeb83f28128
S000007,*CC(*)CC(C)C,ce2b8672b0f0f7d75f808b47abdcf62727b4d4f7e0d053faeb2a18bdf7fbcd3d
S000008,*CC(*)CCCCC,e86e7022ac46d716fcc941b97c2c08083152dafb110a4476ab7147c6d9f63820
S000009,*CC(*)CCC(C)C,9a3bdb1d448e96809518b70cc53413089a954196fad3b3b9f50e3c2ef314e289
S000010,*CC(*)CCC(C)CC,ddb2ff399d1628d1dd85b8766a9ab50761177ecf702c4fac1fb3c1d63e96a422
S000011,*CC(*)CCCCCCC,5e72adc0ef42f2b23d705db7b123bd746eb00724b194d533c1c7a962dbc1b752
S000012,*CC(*)CCCCCCCC,a19d3c5f6223d35f97b04e6da841f583b4407eb4e9de9056d2dbadffc8ad192e
S000013,*CC(*)(C)C,965d20093538437a53b78421dc4bf3b40708c114b362d58e0bb7b9cc02683c29
S000014,*CCC(*)(C)C,15000f8613ef062df1459e054acbcf1ba03108f659d7ff168cead5e4bacd5423
S000015,*CC(*)C1CC1,9a163193e919122cd726353489b5b157683e54ea6d6541171145176b75466568
S000016,*CC(*)C1CCCC1,839a06a30b29b962bfb6cca1b37a56780d7da1ef4a7bb9c73a1e5353849f34cf
S000017,*CC(*)CC1CCCC1,ac569e3098b724ca215f82e30057e6be530216e246c49913d1451e236dd545d2
S000018,*CC(*)C1CCCCC1,c2275aa05f73cfc12140fca4b496731727ac8fb0faeec7535edbccb4963106ca
S000019,*CC(*)CC1CCCCC1,8eb7ce0343949a8f2a5c940785b886e0027813044af87c6b0d38498f917f11b5
S000020,*CC(*)Cc1ccccc1,2179db3470e12df32fb4195660b2d1c561c45ac4831a41916085f53c17232523
S000021,*CC(*)CCc1ccccc1,963efa1ad8ab69988433e4b5f67c7250c10f228e0742a56c676a034fe2fa82c5
S000022,*CC1CCC(*)C1,3afb8c06c0f2d1b008bf9c9e7e357e367eb96f3a2967df8dc48cfe4fa59b97a7
S000023,*CC(*)CCCCCC,9a3f0e4da8c4e3a1692c5c824bcd74eb977ec3ea86044e0b7e3e9286d0c923fa
S000024,*CC(*)CCCCCCCCCCCCCCCC,e3daefaa5683d51bb278dbae217d659c20a4f73ceaaac8e79a2ebb090998ae82
S000025,*CC(*)C(C)CC,017ad7d420ce58ed337d92092af26485ffc21c26383190bf83882b62d9c23bb5
S000026,*CC(*)C(CC)CC,5ff61e424a7a530721102228dff550886120dfbf8dc70449df03a872a7158d0c
S000027,*CC(*)CC(CC)CC,fe83359dd9a045a2bf68468d8de2d74e183c57f02368eda08170e832812ce078
S000028,*CC(*)CC(C)CC,88f04c737add2d5881c15464057bc385933fe065b15334ef3863cbd66be2484c
S000029,*CC(*)CC(C)(C)C,4278a5613b60ec77ea652da0a96fe7b1257bbd6eee84d16395d3ed51d23738b1
S000030,*/C=C/CCC*,6183fb8ae686443b5da4c921816f00c64b6ad36933669e23cd9838b7d1545f2f
S000031,*/C=C/CC*,e3caab2e6ca57571a58cdc96b6f099af662d9d33a009b53a88fc9922932a4bf5
S000032,*C(*)C,776aef758e6c82cba2361672b91b9debda9a86606a97fe61fff86d4be5ea1d42
S000033,*/C=C/*,3845e65f454206e341e0964ebaf39062a2fd44be66fc1d7a5bb4c9588fb0dcdc
S000034,*CCC(C)C(*)C,b2142ba59e5a752bddb0bb9f4eaa3f83effbfeeb37952097f87690a7456a25fe
S000035,*CCC1CCCC1*,43ec6d4623b4c0ac28fd0b77be8a901b43544ce1a5ccfa972cb6a836131540f0
S000036,*/C=C/CCCCCCCCCC*,deea620374d1608d3a5940fda621df570668027e30e03d48756b22fbbb64b7fd
S000037,*/C=C/CCCCCC*,3c9dc38b4fda0f32244652a9bb0ae120f9aa38a1bc039312196df079730a067d
S000038,*CC(*)CCCCCCCCCCC,144a0587345bcd0d42be6713f966fb91348a15e3657cec6a61f74948ed4ea484
S000039,*CC(*)CCCCCCCCC,a2d98ece209737e2cf0814704f76613e2a685130d19107c9685658257d437103
S000040,*CC(*)C1CCCC(C)C1,d2b287d9a66e0ad9134c0c6d89382bffa9fe66e40dd84c09218f4c5a5de3d5c0
S000041,*CC(*)C1CCC(C)CC1,6032048277b3fe5c46f3b7883c67e7188bb24780352e719e9da78d4c9ca0a74d
S000042,*CC(*)C1CC=CCC1,9315bc2afa368dd85563a877d56d477202aee7134c053fbec614b414fe61a794
S000043,*C1CCC1*,427f548582fdbdd871f11099dc5e9fb607f65df1e1c94809720fe55865597552
S000044,*/C=C/CCCCC*,c9e86826dee24e38b10e98c9362b856085eaf22cc4ae5d953c616e7ead105dfc
S000045,*/C=C/C1CCC(*)C1,cc64504aa92e65db71b552f3edb8c0edd12a78e057015b6fe5b962d2a7d53beb
S000046,*CC/C=C(/*)CCC,5d1e54a7fb874c7a214fa086f685f181e2d1593a6d26dbb5fd4a3f57d7cc3311
S000047,*CC(*)c1ccccc1,e9ff72b44686ce28da9cec8bce9462321d9b35f3869fd126f6d7178a0d1a6e4b
S000048,*CC(*)c1ccccc1C,2095c9abae8205c42ec0845eba124312292cf4dfa4764409c22d94ab74a42223
S000049,*CC(*)c1ccccc1F,60e95dbb1b1b2b65318257b21561978e121fa74ab34325ed9770445c1440eb11
S000050,*CC(*)c1cccc(C)c1,1ef407515c48c353865be7b776b0b7799c95c5ab8b9af5a3bdc0f86e36346d70
S000051,*CC(*)c1ccc(C)cc1,bbe5c41c63c3bbc37f00890172ce603bc117529e602d28ef32f0ae2aadd3e8aa
S000052,*CC(*)c1ccc(C(C)(C)C)cc1,38b51c8ca77009378afb8597c2e3d3e47c8d865c4937a33589921dc18c7a63ab
S000053,*CC(*)c1ccc(Cl)cc1,2b860a0e868c0eef8f118dd2b3c2a9d79e2b259184eae6c5181d54dc1b001f3d
S000054,*CC(*)c1ccc(Br)cc1,ae79c500cad220e4cb443fa62a667fc44a23a47f68f0291a3090d2db5174479b
S000055,*CC(*)c1ccc(F)cc1,5772f8a21f3adec624182ece6ead5a341347b32487b08251438d99d8a30ca278
S000056,*CC(*)c1ccc(OC)cc1,bf8848d1821e9cb39e4734e9c0479c2032b8ded8c699ae33037db049c9c664fe
S000057,*CC(*)c1c(C)cc(C)cc1C,765fd1fc8928f4e77fcefb4fa77693d5a0dca9711fc5eea15cec3958ad96c53b
S000058,*CC(*)c1cc(C)c(C)cc1C,035211ee2306b93ddaddb472734ecd0cde1bced9afaf0ca8715b229552944f4b
S000059,*CC(*)(C)c1ccccc1,d382dca73985fd50e12da5b561aa38e0760abadf81c6c4c09baf47bddccaafbe
S000060,*CC(*)c1cccc2ccccc12,1a9e8206bfab68ac8ae85842baf47219eb4ede04ee914891c42ff34fb2c4cd05
S000061,*CC(*)c1ccc(B(O[Si](C)(C)C)O[Si](C)(C)C)cc1,6e62f1750030cac782b67faea55124e4c3416315222ca0ea7fc19d0d9c5e450e
S000062,*CC(*)c1ccc2ccccc2c1,76bd1285b452d34ab4394f2bf009972f618be6237eceeee19ebcf3dc363fccdf
S000063,*CC(*)c1ccncc1,dddca9e52ab732dc86d9d503622ce3b6b825015f4320883afc622be8d623ab8f
S000064,*CC(*)c1ccc(C)nc1,2803be156ede2e6e0d27d4a6d15db1d451aafc57bbedf75305bf25e0e8eb46d8
S000065,*CC(*)n1cc2ccccc2n1,bb772f0e2a9df772e0dda34f5cbcc74f558f510b75d4d734c382a35c93f0ff9e
S000066,*CC(*)c1ccc(O)cc1,d5811bcb4f8846a1baa89a0d2d01dd2f86c270ec80f3c086a36f58da22ad9a67
S000067,*C([2H])([2H])C(*)([2H])c1c([2H])c([2H])c([2H])c([2H])c1[2H],5a109dc7bfe8d8c7e47946d59136463a47b9523dae46cc50855c8a671a00e13c
S000068,*CC(*)O,a3db64cfc9b86dd840d055f1a1995df14cfdf608af62289710f389c44a07cc74
S000069,*CC(*)OC(=O)CCCCCCCCCCC,218725d0d5de3772cfba8c1d7e457913bab0d48baf905800ac6e6a5513750cc4
S000070,*CC(*)OC(=O)CCCCCCCCCCCCCCC,e2c5d2d7f126cdaae0f981b27da717eb0cacac7e3a5122bf30024f44163457ce
S000071,*CC(*)C(C)=O,83dc768ab2b4f1336fffcd08bde94ead1c713e9350db8a980e90ff3b613ad379
S000072,*CC(*)(C)C(C)=O,fc754924fc70069dc101d6d0b37648723ad003e39d92bccdecb6ec3ccc178971
S000073,*CC(*)C#N,7fe8db911e29a6f8c4f8240192a2c2d3f24367d96566fe71b18d5ee4583e5fac
S000074,*CC(*)(C)C#N,ef1ee59152935f63e722f77036f6821c2f7043051735f9b14f3db818d8e67dcb
S000075,*CC(*)c1ccccn1,246e9aa59a9ff41166ff1b7ad840b87ef5daa60c6413e68e18fd018298128faa
S000076,*CC(*)n1c2ccccc2c2ccccc21,676d36d865aa1ce18ecfe37c9a0a33f9a61fe6d15c74ab07ac69af0c5cd9b372
S000077,*CC(*)C[Si](C)(C)C,3c54e25e7cd7f443fbdb4a8d8e7b471862bb67b4dee6d8575d4e4477cce03c9f
S000078,*CC(*)OC,4c541da063acd1a3374a5b4fc692a462096969d9a77ef96968b61452b70516a7
S000079,*CC(*)OCC,a937fd8f4e17466fbc094a24b313dc22018fa5695ae14a7644ec50955ef6e678
S000080,*CC(*)OCCCC,5b14573b877fad632d52baad9d108efc9c3c277b299ef37c58cd73c418a5f74f
S000081,*CC(*)OCCCCC,ce076fda4681c58bab785ad29e6b8e762457a601ca7f7b24f8fe02371d8662fa
S000082,*CC(*)OCCCCCC,d2aea46eb049b4f6ea03bf5926880d1fa53fb82efa900cf3f3cf63c6f3cbecc2
S000083,*CC(*)OCCCCCCCCCC,21504aacb4788d6ffaa2d3e9ad78a09f738e049652aed20e85fc781a6fd9f6d7
S000084,*CC(*)OC(C)=O,fad99a598abdaeb7858eb6597fc89a7ecd72099628534f8f70e8ea8d5b18ed99
S000085,*CC(*)OC(=O)CC,6f5e7d84e11e1ac55ee5e0aaa50956435822d765786cbb6a39b13a160fb4a4fb
S000086,*CC(*)OC(=O)c1ccccc1,e7695e13d13c8eba8c482aa8b7be6b6cf58af0d6f2ee8d82de9f08467667f734
S000087,*CC(*)OCC(C)C,df147cb90803ec2a9388423f6c549c704bf8b0deecc31ae48a0048f25f2bf4a1
S000088,*CC(*)CCCN(C(C)C)C(C)C,003463aa84b76089dc9e92ec878dd7ceeed7a1990487b345cd735638c052815d
S000089,*CC(*)CCCN(CC(C)C)CC(C)C,e6d0db4ec272506401b6169ff00b4bf17e2577bc991e60191f6971bf601bba1b
S000090,*CC(*)O[N+](=O)[O-],f250dc9fcb86acb527a50abce2182025fd04b79a6ecafc3a3ee2bf043a8d059d
S000091,*C#C/C(COS(=O)(=O)c1ccc(C)cc1)=C(/*)COS(=O)(=O)c1ccc(C)cc1,990d94274333c33bb5ebc811027b81cd524e552ee90ec2cb443171b15ae511f1
S000092,*CC(*)CC[Si](C)(C)C,8019c22304ab214e83fbad06160a3489afaa821908206bd41947100512d5939c
S000093,*CC(*)OC=O,4180fffde7d533094aebf04f66caa5c6abd57fad9fc577adf4ed0191fcc68bd8
S000094,*CC(*)OC(C)(C)C,f7ad02fe630c9117e282684c5d960c477e51ef1235b1107ddd6d68fbaf67534b
S000095,*CC(*)OC(C)C,5a5d8cc2c715d1f5587a51627e7c019e0e8b3cb3d8c8d90479694744480e4a4f
S000096,*CC(*)(C)OC,1e02f841a41e6fa9196049450cd52491db3040eef788f3862b5928f4d34a13cf
S000097,*CC(*)OCC(C)(C)C,04af4fb6df23097c013c2648d059e8a12bf7e8eabce1e312994586b61836dd66
S000098,*CC(*)OC(C)CC,0b0e738ea0e94143e825ea628b52566b96af813b0410c3b0896c60dcfa6096a1
S000099,*CC(*)OC(=O)C(F)(F)F,4f4481f47772e2501caf440f674a0f56774906e5c97ebe3d5b876c7a2a7d05a4
S000100,*CC(*)OCCCCCCCCCCCC,7bb46807cfbfeb106d217d2c239d75ede8de36ccd15ef84a900ab9ad5a214598
S000101,*C1CC(*)(C#N)C1,9be32cffd4635b1b958679965b9720ca188111f843e220227d6202c3e603f3d2
S000102,*CC(*)Cc1cccc(C)c1,cf0aad52dfa1369c3304531b6b1c96980750599a77c66ff4258c08b6b00bd469
S000103,*CC(*)Cc1ccccc1C,9e9d1ac4fad7efaf6117f6d458a12cf79495b90701bca9426e66998bc919154f
S000104,*CC(*)Cc1ccc(C)cc1,e4c0c3caa3a5409bf8be9625ced612fa4f60a415cd5a0b78deb95179b3ae24d9
S000105,*CC(*)OC(=O)c1ccc(C(C)(C)C)cc1,ca113fe44e141e459d4a61da2e54a9c3d3487f5155d76e27b7a420164f6f7f6d
S000106,*CC/C=C(/*)c1ccccc1,b3a71334b8422fbb9ed0ed5653f37bb3b730a0f29e2da22cbfd773f5f6803e46
S000107,*CC(*)OCC(CC)CCCC,3779e080deeb281a85c7a890f3ca84c82c428461005914f639985f5a4c48811d
S000108,*CC(*)SCCCC,63e23d0deb672210c1694f191c90db8027da6113adb4cb8b2a747c26b133a59b
S000109,*CC(*)SC,b0de65d4839df087e916c6765bea503451945b3a3b78e01e823db7b092926884
S000110,*CC(*)OCCCCCCCC,353be76101044870ec9a8d3b4c6fabf67dc27759286df72132187d48f686b395
S000111,*CC(*)OCCC,b529da89949731525289718f99ffbef12cca8d52f1bec5a9b90e6c8c505bce53
S000112,*CC(*)OC(=O)CCCC(=O)c1ccccc1,9ddd7a973e4042a4849512006ccca28866fef3ecc1f91018419dd602fd8d0471
S000113,*CC(*)OC(=O)C1CCCCC1,7aeee7b66cdc3965ac635f7a1a0cfa7e2ff82fac12332a55fa3f32f4a61cee05
S000114,*CC(*)OC(=O)c1ccc(CC)cc1,81694a88b12ad81ca602f68da2410dfcf3050bd87457898177de8b13bcca9508
S000115,*CC(*)OC(=O)c1ccncc1,da4f66b7e4be75f63bf1a415bd4fa0350dcc8dd0885738e1b3dab2e4bd5e6d48
S000116,*CC(*)OC(=O)c1ccc(C(C)C)cc1,dc39a72ca5ecec686fa4e153de94fa247a1b072eddfba45a1402f0aa0d0fbb31
S000117,*CC(*)OC(=O)c1ccc(C)cc1,18285025816b24625e7a66bcf6a86b7237354f780bee3e890d15e6bb8ed2f2e7
S000118,*CC(*)OC(=O)c1cccnc1,11ae3cfd3436257150db63db4b2b2ea3c4705e81b1a73e14a31cf90c74c2771a
S000119,*CC(*)OC(=O)CCCCCCC,03e1b6b520b4a049fc849c798984a9498ec97b798d75271a765c7263aa47e424
S000120,*CC(*)OC(=O)CCl,a1a0647cdef56241a4c8dc779b0b28653e17485f12b928aaacedc601fe3d7f66
S000121,*CC(*)[SiH2]CC,f4f00b99dd3ccac8f5b69e1d78c7011ef6886a78a69f6b2fa9639eda72eeb215
S000122,*CC(*)OC(=O)CCCCCCCCC,ddc61e003fe59c233d9384f25540a00727e0d5ff5aba124e578cde8150196516
S000123,*CC(*)OC(=O)CCCCC,1dc62a2ada662e68ded33d0f22b1b97d9299c72900c00280c227414682e1f645
S000124,*C1Cc2ccccc2C1*,d11f056e244609d1b23bfa45e774cd1d92bac55323515187522f7775e8980ac0
S000125,*CCC/C=C(/*)c1ccc(OC)cc1,db71988b16c9ad0e3797fbc0460c44b3c0abfc6371faa79ccbeed776afe304c2
S000126,*CCC/C=C(/*)c1ccccc1,57a6131c5ddfe355becb427b6ce0f91a4a7b806e65270317a76abc56984ee4cf
S000127,*CCC/C=C(/*)c1ccc(Cl)cc1,9d320d5adaaddd59bc6ea7d5f54dbc7803a1e303b8c4fac4c6fb5e2bfe102eb0
S000128,*/C(C)=C(/*)[Si](C)(C)C,71a5190f9dc341467084090de4543ff9c7f47957cdb2e46815b60b1e74b52271
S000129,*CC(*)n1ccnc1,b79adaa8ae89eb4363d6ba4ee3dbbb0b3f92c231ce78b629b27e04491b14f05c
S000130,*CC(*)N1CCCC1=O,5141534631563ea30a6159eeb81ef4073cc387cd4075d11bc3443be90ae54a6f
S000131,*CC(*)C(=O)O,c1b921dd6ff663f7f745e78e174659096506988fea0d667ba4fa1a76ea01e1e0
S000132,*CC(*)C(=O)OC,84f4ca10ddc299e981109e0c336546e79de7cbc34e12e64929a34ce18684cbce
S000133,*CC(*)C(=O)OCC,77b1e4ff6ee71986d24034926d2fed79b5a3817783b7ed64d65c8469d7817e93
S000134,*CC(*)C(=O)OC(C)C,b7eed9eb656cf7f77a4fe6ffe7bdd7fd757785228e4bb708b9253fc6e48e1dbe
S000135,*CC(*)C(=O)OCCCC,26cf0a74e1dea98b59abc493f6f7b3abffbb7b280dc3544718ebc75f1889be69
S000136,*CC(*)C(=O)OCC(C)C,a58dd761e79bd1c5cb34bf72a9328941e840ae3172cb2669401378b4f6dbe103
S000137,*CC(*)C(=O)OC(C)CC,56c75aa597416406d781f56840d048232a3ca9dbf712653060e0159a14bb7d84
S000138,*CC(*)C(=O)OC(C)(C)C,3adbd892409fc60d28ae14e13ed3901730732384821d3d0e8b674dc77452335b
S000139,*CC(*)C(=O)OCCCCCCCCCCCCCCCCCC,a05ae0bd8c78f534fad86756d5276c38440beed09b375eec10eb63d3ab39218a
S000140,*CC(*)C(=O)OCCCCCCCCCCCCCCCCCCCCCC,822c6bc4eba01fc568787dcd80bc5cd75d115b377600aebbc67b65dc99bc3391
S000141,*CC(*)(C)C(=O)OC,2f1e14f05e248b620ee3415ae7a7f359c225522a315a4bb3db88c0fcd69ca1e7
S000142,*CC(*)(C)C(=O)OCC,7fc67470ae9e763edd7982f444fdb0af591fe00401e756a3b32220bbc39ffe23
S000143,*CC(*)(C)C(=O)OCCC,8963012d814080c05e6a42e719585b4021d1637eb13afd03815363080e4b126a
S000144,*CC(*)(C)C(=O)OC(C)C,01cd465ce1c51a70fc567367b2b7ebf15f2c1259f2c8cd635ec9e0fe04f52099
S000145,*CC(*)(C)C(=O)OCCCC,eac068fe3fb9ed900632e4f194eb382c3efcd0287d4c7e001eb1ba1c15607edd
S000146,*CC(*)(C)C(=O)OC(C)CC,171633145c1e15de2c94a5440b9e256f665a7c207d3768db98ae5cd31920c24b
S000147,*CC(*)(C)C(=O)OCC(C)C,4551dcadf200e10f35e3c7cfeed611d9b4e63ab13c5e433130693ed3087040f3
S000148,*CC(*)(C)C(=O)OC(C)(C)C,ff3dff6a51e91849fb8b08b1ce3708dd3b95f3952d3a776ebd4ec21d806291ef
S000149,*CC(*)(C)C(=O)OCCCCCC,a17ac8c2ff7f09838bb17479950ce5d9d5dfdf39283f68280bbc5b6b01cb6130
S000150,*CC(*)(C)C(=O)OCCCCCCCC,ba82eee28f90b765052d7115d2d4c52593920cf80b9097dd23cacbd474f83bcb
S000151,*CC(*)(C)C(=O)OCCCCCCCCCCCC,33172f460566bf594f79abfa51c4bef4620b8220a659f3c25a61f5e615c46f90
S000152,*CC(*)(C)C(=O)OCCCCCCCCCCCCCCCCCC,8232fca3204f4221f3902491ca304fb51175ec10199256c65ff6a328a66a21b5
S000153,*CC(*)(C)C(=O)OC1CCCCC1,0bc1894faf47d54f27e1b54f395d9ef5c997c28ed38e8c932e6025b6d34dc83a
S000154,*CC(*)(C)C(=O)Oc1ccccc1,e0908a83b0bd69876861e2fa908ac009404972fd674be131178060dd871a4daf
S000155,*CC(*)(C)C(=O)OCc1ccccc1,03e0ea295df88ea644417c9c49032208d6b10ff9ce6992153035533da35cd547
S000156,*CC(*)(C)C(=O)OCCCl,b157d1e2dbaf507b31707b99e1d4c761a0c54e83bc41fc37b001493eb5701ba8
S000157,*CC(*)(C)C(=O)OCC(F)(F)F,d0c31ed5db0282612ae62a0ea60c09b66bfc5dafeace60591e3c8a9cb01c7a02
S000158,*CC(*)(C)C(=O)OCC(F)(F)C(F)F,bd7f2cb0730591a679d6fd5a2e3c6483e63e8141bf498653f608fe1b0694c10d
S000159,*CC(*)(C)C(=O)OC(C)C(F)(F)F,c7b7a421b32d98ceae09edc3948c2a301879814f6774f742347b7ec83a070da0
S000160,*CC(*)(C)C(=O)OCc1ccccc1Cl,a115b326614aa4aaf30342103ff9d3bfdbde4551dc84283cb4e3b68d7fee8d85
S000161,*CC(*)(C)C(=O)OCCO,12299a3d21b245c31d4d122ea628620e94cf0506951fe61e0891e2fbaac5bb95
S000162,*CC(*)(C)C(=O)OCCOCC,a8467b8aef8f176de31fe5e6dd0b788851f26909fe4f19f742378bbb64c9e907
S000163,*CC(*)(Cl)C(=O)OC,5879dec66cd535e39f9e61025fef4f9be39e556c169fbfe3539afb2f78325240
S000164,*CC(*)(Cl)C(=O)OCC,765374a30d057202d425f03bb7810635b979c5b180b1a054147e738b61909032
S000165,*CC(*)(Cl)C(=O)OC(C)CC,e607fa758041e3bd8a94135c5e5fd83cd58719c59fdfea679630d971d9d062d3
S000166,*CC(*)(Cl)C(=O)OC1CCCCC1,0dea1bc264209e0f08a75c2bffad21194d63c0da767cbae5ab0fc64a08b5edf0
S000167,*CC(*)C(N)=O,4a78ab609ac49d93e1d481950751ffeb52fe4aecaff1f196aaf1b7938f222efc
S000168,*CC(*)C(=O)NC(C)C,49b91c3e974cdfb8b244d0cc93863f61b1de45faf67ded152369458e95ef189f
S000169,*CC(*)C(=O)N(CCCC)CCCC,b582558fdf4481beedc33ed6ecb5e5611d465f424afa650c8ca3ebfed73974bd
S000170,*CC(*)C(=O)OC1CCCCC1,e4bef6c87774880b567895a9e6796a06ded4d143adf9d9843ec59c441dfa9b9e
S000171,*CC(*)(C)C(=O)OCCCCCCCCCC,46a5b33ccf382c5456ea348a55ffec360714ff913e7d22b728cd76c039dd8fa3
S000172,*CC(*)(Cl)C(=O)OCCC,9f43fc312637b3ca8893375e5ff558c4f2b3180448c5acc79640c09c5ebee8ff
S000173,*CC(*)(Cl)C(=O)OCCCC,5b7587e325b6a002023488b8cd9d2944db2d96ec2c8247448589fe06b07c1338
S000174,*CC(*)C(=O)OC12CC3CC(C)(CC(C)(C3)C1)C2,a8a5cbe952a623a6b83884bd6e43170c2147949962d3fb85a2c2cabacc259b96
S000175,*CC(*)C(=O)N1CCCCC1,f84cf17a78a610246f0945e9e7bd54db1fac06dca0292d8c1d92ba8c56e4d8c9
S000176,*CC(*)C(=O)N1CCOCC1,0b8d17b57497b78cebeb2b4a3df658bedbc9f590bf08eaf1f3422a92ebd5d9f2
S000177,*CC(*)C(=O)Oc1ccc(-c2ccccc2)cc1,6d47b01de51b263dd689ab1da1105261ec1872bdc48927dbb2b681f0302c73b1
S000178,*CC(*)(C)C(=O)OCCCCC,bf40b895aa006a870b2589ca9890e81f71a6a4cde9b396db40c355399caa0191
S000179,*CC(*)(C)C(=O)OCCC(C)(C)C,531e1d56f89c6f6782ff210ccea5575a9edf69e452195d0558adea04afd654b9
S000180,*CC(*)(C)C(=O)OC(C)C(C)(C)C,fbfa6e4cd7cf46b963fff04f5d1c6dd1eec3adb7b65ba910f01fda63fbe69110
S000181,*CC(*)(C)C(=O)OCCOC,d7a1862ef4dd8c66b350dd998adff1ada2f11c8254ceeb061b6a4441d88d14c2
S000182,*CC(*)(C)C(=O)OCCOCCO,f176d8b6f54e9e1ddf5411ab8a2e05b6c897805484e7d5202aecf9b44088ce3f
S000183,*CC(*)(C)C(=O)OCC(C)O,ccf4be502496ad0202d2d53108ba82d9e86dfec5a9113c93d5c18748dd2e133a
S000184,*CC(*)(C)C(=O)OCCC#N,c2bb5c51712fc1f70e5174e7c7f065ffccacc36e2fd373f6b698900218c8b450
S000185,*CC(*)(C)C(=O)OCC[N+](=O)[O-],c166212681ef0cd15482652dd4500da2c778b130d92f9ce0150ec3907f3d687f
S000186,*CC(*)(C)C(=O)OCCO[N+](=O)[O-],91f7e6726b45af5ec1834801ea6cf54e780cab83b5880e658ef2eb45d989cc33
S000187,*CC(*)(C)C(=O)OCC(F)(F)C(F)(F)C(F)(F)C(F)F,760fe534efd308afd59b4023294ba2c240d300ac13cb92f0997b2e90411aab91
S000188,*CC(*)(C)C(=O)OC12CC3CC(C)(CC(C)(C3)C1)C2,d2d85adf1459767bbe3061b1b26d09d80aa9d5b6324ffacb36090f9c8f6189ad
S000189,*CC(*)(CC(=O)OCC)C(=O)OCC,45612cd5be1e7a58ec8731882d1abc36520666c5269eaec006b1da669e69ba5d
S000190,*CC(*)(CC(=O)OCCCC)C(=O)OCCCC,9b00651fc1ee4c37d10a534d59f4e328879f039ad902a5d28fddaf3ccdb652dd
S000191,*CC(*)(Cl)C(=O)OC(C)C,ddc683d458cad6ae080914158d3520fcf1ac71188409236fb09290d0bfcb213d
S000192,*CC(*)(CC(=O)OC1CCCCC1)C(=O)OC1CCCCC1,5a9df2eafe1f4925cd465a04a2e67597a1369185fa398cfa6736e179c5cae5df
S000193,*CC(*)(CC(=O)OCC1CCCCC1)C(=O)OCC1CCCCC1,9a025ab704ac1706e98393faff7263b90d8fd63480ba8197090fbe69032b0c03
S000194,*CC(*)(CC(=O)OCCC1CCCCC1)C(=O)OCCC1CCCCC1,6957851124ba6b15742830ed919f3d932a94e77b831439441f71d5a088f2babc
S000195,*CC(*)(CC(=O)OCCCC1CCCCC1)C(=O)OCCCC1CCCCC1,a54ffffb54d52cbb360fa2a055fae40937db317609dea3be0016962a908011af
S000196,*CC(*)(CC(=O)Oc1ccccc1)C(=O)Oc1ccccc1,364a53ccdeb34ac0517c9883ef2b5a7b2cc18e5d55a1168f2a50782e5f996aa3
S000197,*CC(*)(CC(=O)OCc1ccccc1)C(=O)OCc1ccccc1,96baf33b573a8ad02e2f4f65de8612ced678f5734298a5b4dc8ef75590560bdd
S000198,*CC(*)(CC(=O)OCCc1ccccc1)C(=O)OCCc1ccccc1,cb1754ffb37ea7ccb1557f48b320fbb9398c5d7eb16a362ac164624ce722a7d4
S000199,*CC(*)(CC(=O)OCCCc1ccccc1)C(=O)OCCCc1ccccc1,9be973942371cdac5afa8e209ed169d940d5758ffcf07a06e9681e3ccca01ddf
S000200,*CC(*)C(=O)OCCC(C)OC,058e4a467a2afdf922944f9de06409ba5cc2d92057900f8604275274e790d1d7
S000201,*CC(*)(CC(=O)OC)C(=O)OC,a2aeb477eb23104aa9a23c68f77d43cf238fba4fe008acb8ef242337b9c18d88
S000202,*C(*)C(=O)OCC,f28f8ddc3723ce19dc9f01a29b7555118899224e17983e188fa8af635a71f1f9
S000203,*C(*)C(=O)OC,300f4cf5a8cfbb91b2f1268d6809d0c0702374cb5c41e9a49772622001e59fbb
S000204,*C(*)C(=O)OCCC,44621bdd5c2e23a57999f71a0a21815f2f25e9099a3f23ab23c73bc6c11bf715
S000205,*CC(*)(CC(=O)OCCC)C(=O)OCCC,0098472bc934b3aa9d3d260de6135c93c10b7814d2a53eb4413e3b060319f028
S000206,*CC(*)(CC(=O)Oc1ccccc1C)C(=O)Oc1ccccc1C,b8d161ac1a290a9336690a974b3ba50ad25c4bed78bf29f815492b7e8f8347bd
S000207,*CC(*)(CC(=O)Oc1cccc(C)c1)C(=O)Oc1cccc(C)c1,d6561edd8c3174ab0fabec6bcc625e081b02075ced3df515f09bc5ae00585768
S000208,*CC(*)(CC(=O)Oc1ccc(C)cc1)C(=O)Oc1ccc(C)cc1,ac1d9d0c3796179f40daf961c6bc513c1432a7c40dcc48da2b8fa0b16733e0d4
S000209,*CC(*)C(=O)OCCO,e9a5060e07983dd998e9798f12c9de7a497eb63558713e507ffaaccfdf5f7dfb
S000210,*CC(*)(C)C(=O)OCCOCCOCCO,8a1a0a70573ffc29d5d775e7c4ed018ea01a06a871d64d439694c8e7493ecfb7
S000211,*CC(*)C(=O)O[Na],1c7f1196064b83f9f404163005e5e039ca5844926f3d046efd9f22c8904cf769
S000212,*CC(*)(C)C(=O)OCC#C,01affced08d097895114c8b9acb849904101ef762c4e6f3b22bafcf8738c67d2
S000213,*CC(*)C(=O)OC1CCCCCCCCCCC1,acf78a9311b3b47630904f3ad596a3d4672cc657b47858bc8ce511cac0e0924d
S000214,*CC(*)F,53567d4d32a157f02c98f995d0e410a2d3e7b3799e7d57c12d5af5b24b37f133
S000215,*CC(*)(F)F,7a13e3384a97296e1048e30d77e1541c7cc6bc7aab3b71c5496c24d9fee2a5ca
S000216,*CC(*)(Cl)Cl,81fdef01529636da75b23939f19b131bd133e8afbfeba80107f4d88d06091e65
S000217,*C(F)C(*)(F)F,9333ba4b064a621edb97247e0c4b13b67e65b01c6eb3d5076ce5b0692b13c99b
S000218,*C(*)(F)F,0905d0f379beb07df7334dfbc540401ab127076d111311a671152a0b72dcbf9e
S000219,*C(F)(F)C(*)(F)Cl,b67df5d6dc87ebf76affce1cd06d979ffeb966049a6b1e22b0132fe6d753a9ef
S000220,*CC/C=C(/*)Cl,feb6d4cf3d0419ea6e1d5a65f72b275599a96c911d3ec6907904067d6ed16f04
S000221,*C(F)(F)C(*)(F)C(F)(F)F,d3d058f228b04623315ad14877a2b65ca960234068adbbe6ada7604a45fc938f
S000222,*CC(*)Br,6e6983d939d3fb50bc385368e4e44693b5fad3b7f27647501cbbf6091d09e84e
S000223,*C(=C(F)F)C(*)(F)F,f81cdc517effacfc5b3f3c3c3c099c676a80a88955fe297e63d91bac79db4d9b
S000224,*CCC(F)(F)C(*)(F)Cl,14db45c1d1b5d4f5dfe50377b8c8e3d82a6f53702c0f7061eaec189b40e14341
S000225,*CCC(F)(F)C(*)(F)F,a48939fc6b42b3272a0874a80c65c1c5dd6dbf0eb3654bf47265f95288a4c0a4
S000226,*CC(F)(F)CC(*)(C(F)(F)F)C(F)(F)F,9d0dd982b3ed4827a62b1213b860553f404c86919e0fb1c410d7fb1d4d627148
S000227,*CCCCCCCCC(Cl)C(*)Cl,48faba6144da25de35b1c70fdad2dc8605e010641001b403999510c07c00b94e
S000228,*CCCCCCCCCCC(Cl)C(*)Cl,2b390599f51e13f3cfb7d8a0550f6bd62e5a5f0b9fe6863fe6cf8754a4f42135
S000229,*CCCC(Cl)C(*)Cl,79a664f82114bbbfe8952ebe7bd416336473f1163966f0f9c5b8a90bf0013945
S000230,*CCC(Cl)C(*)Cl,03df0c69ca02304cf12de84702fcf48c2541f28b213e2d5f51a1079f9624e0fd
S000231,*CC/C=C(/*)C,f9bd98f327ab9600dd08b4a5b053aef36dee9909b0f18b8e3a10d45c4aabac8f
S000232,*/C=C/C(C)C*,226a6df89627d38127f96de13730fbe34b62d0142366a225414b0e838c45d3ad
S000233,*/C=C/C(C*)CC,8ce8104c85e162378d44a240528717a2e713ed661ee1949348a13dec7596dfc4
S000234,*CC(*)=C,6e057082af691aecba61faf600535cd0ddd8d88618b0af0bd7a2c86a516b4f0a
S000235,*CC(*)C=C,760fca0194859503e19e88b9e84c1c08ad062d33445b2af2f973af56d92bb13d
S000236,*CC(*)C=C(C)C,2aba0548d61b607ebf772bc77bb208e066e310400be345910df9c58c94be03a6
S000237,*CC/C=C(/*)C(C)(C)C,c1e7f26daa470d91dcc4b0b9c19eb391715b4d2a094d8a0a387726d2b3b7089f
S000238,*CC/C(C)=C(/*)C,cee163f1cacf045656b29e4f9a37f2244de357260a2216fc76083adc0b3fd451
S000239,*/C=C/C(C(=O)OC(C)C)C(*)C(=O)OC(C)C,d9f790ac069ed0735c9117264fe22328bc2e9e8f3181bc75fba656ffb3d93ef5
S000240,*CC(C)/C=C(/*)C,55b1315c9b6cb129c6211c432875fbb10255876cb7aef228eceb4a1ad0a85c28
S000241,*CO*,03eacfbd76ee6bf45cfe264196887d21742dfc149181a4c62308e3b70335c598
S000242,*OC(*)C,5d7e2bed22b9b2147eea1b055ad84b651f3e1dceeac063d2c2d3df1bedb5e234
S000243,*OC(*)C(Cl)(Cl)Cl,a623239517a72416677f5e2bfed3b785aaddeac42616e6853fd67c69e5091b7a
S000244,*OC(*)CC,4042124af05c813095b18272ebe645edb36f2eb2eb29a833b15ed5031ff9acf6
S000245,*OC(*)CCC,3742216d6744a57bf0b1fc2073d5b27f93eadeaa98a68b45bed6f6f6d236cf12
S000246,*OC(*)CCC#N,cf320c1886d7458adfae5a1653e26bf7f23c0d88d97a973ce984412073b6015c
S000247,*CCO*,945a465c5743ceb9807cc0db9e87f655faf412262d6b72afaf44afb8220bab9f
S000248,*CC(C)O*,adb8cce585d687da55bc9ff8286dbc12b1f87f92ab4f9a0f78400ffac7e3214b
S000249,*CC(CCl)O*,a79b591d6f4e20d9ad8be5ea3d0f42b23c0e8a42bf24620895177d4df6e4abe6
S000250,*CC(O*)C(F)(F)F,1783e6ec35ef7e9451bd0c9c45304d8f415021371d0ee20f8f7a4137d5dc7225
S000251,*CC(CC)O*,6b2863915946d3bcd1d4eba4e7a48080560cba9d1b2b8cb64c82302fb729fabd
S000252,*CC(COC)O*,b24216f72b64bc09c6c6dae09d2d2c88020b7fb439738beaef2c3c68246106dd
S000253,*CC(C)(C)O*,a3801da97b5be34e240702f7780db55bfe459b46980d461d6d591af4cbb5a2bd
S000254,*CC(CCCC)O*,dc11bdfe03761e6e44f7207e5e7fcdb5e8e1d7e8fbea80791f4c21558d97b236
S000255,*CC(O*)C(C)(C)C,a89fd64edef651a05ceae77ba06030822b43c5766d2a3e95325406f93731a873
S000256,*CC(COCC)O*,3867e0feab687ec49f03dc2e556cfddde45c7c125e3bfd43c2ed6026110a29d5
S000257,*CC(COCC=C)O*,c8ade92afe7def9a332edccd4473de5fc06be557a9f6109574211fbdbd28973d
S000258,*CC(COCCCC)O*,898a4b9b79bd3a2903c84afdc631a464b8f4aaed7a2516b84dc797d9734985af
S000259,*CC(CCCCCC)O*,e9cab71e89b3da595203d672ff26e071cdfa0a36721682c4398a1ef647918877
S000260,*CC(COCCCCCC)O*,96d8cc9f8480e65159cddb16255421fe75f067829540d0fdbf1dfded8a3679cc
S000261,*CC(O*)c1ccccc1,dfe3dd91a86dae2b2dc194b1b45164f156f1a5d4be384918d2f7932dcd1832ed
S000262,*CC(COc1ccccc1)O*,88ca7ea3046559e3640e8d9f2275bcc8300417696000d2a1a496e6f7a5cd7e4e
S000263,*CC(COc1ccccc1Cl)O*,f2395325fc21c47430614283d8548d63613ac2d1cc4e58a1fc00ad4648eb68ca
S000264,*OC(C)C(*)C,fb52115282407ff675fd32026918e1ef5dd3068e777e72fdce1ba2219fc9091b
S000265,*CCCO*,b0031a8cbf43d41aea7725231003e21f1de2883fd59ebc3bb3501bc8603e1ec4
S000266,*CC(C)(C)CO*,c818a2628404fb0076f6f7bcfc5616141af3709dace2d718ce7949959a24cd35
S000267,*CC(CO)(CO)CO*,2552d89270184f0ef9825f41a8b7e96e3b1e5b01aa0aa2b72dd6562c79039643
S000268,*CC(CO*)(COCC)COCC,26d76db5d6e4e8d05219c11cbb62fd651186de662795d25d48f7abb2553448ed
S000269,*CC(CCl)(CCl)CO*,ae6b8f9421d6a28b49d7310da30fbaa23df94a47a4f53de8f9cee99a349c49a9
S000270,*CCCCO*,db602ab25c7e59de9ec0875b138d892294663ac59e709feafafe26b1c7bc9d0a
S000271,*CCCCCCO*,eae6e1e1e92f7a343cd13d195c73b69282c2befa05c651086cdaf71fb25289f1
S000272,*CCCCCCCCO*,fb0b01a63fde05be75ae5d79029e82016362801ef8124dd1edfa07b408429368
S000273,*CCCCCCCCCO*,50bdd85dcb7d9fedb1b7ec92c250452a63d89f2daad2e616c041602163317d4b
S000274,*CCCCCCCCCCO*,52a5fb293605f37574513d2f834b2bc9c7ba6817b4879f5147eca8cc0194c450
S000275,*CCCCCCCCCCCCO*,0971f7cc763d3727bef197ed7732f8a4ed10668d33f9ea711a0b56618115cf79
S000276,*Oc1ccc(*)cc1,2ab108551666c7351b49d6de7115a709819f8f5a1c2bdaa20e3c36172ca1a483
S000277,*Oc1c(C)cc(*)cc1C,38b7ad53c4869234591e8144642ae27c1e8e1088ffa1551fba9ba4382ed2437b
S000278,*Oc1c(-c2ccccc2)cc(*)cc1-c1ccccc1,aa1b953ee2f9c55248f8417307f8cf43641fb2459dc7701e3602b4cecec2316c
S000279,*OC1C(C)(C)C(*)C1(C)C,30e3e2696fa30094ac7769c8704a1ed0faf5056b9f61ea4a147b26158172ca62
S000280,*CCOCO*,8bd63b5c9ec44b4636ad6b6cc4f89ed3d3d364b7563c0515db45644f85a32b8a
S000281,*CCCCOCO*,4b95d94c87eb0cdbda9fbf3efc55c96960cfee975bd2cfc56e24c0e2b3d4fadb
S000282,*CCCCCOCO*,fd7b3a6a9f30457e0028eebd9f745d274f1557275ac19b7b488364806df7678a
S000283,*CCCCCCOCO*,d7caee060797fc06926e8d279608332f10a5614c56876ffc183563d414744ec9
S000284,*CCOCCOC(=O)CCCCCCCCC(=O)O*,435d332209b3ebbc4989481f81f8ba61abec45f1d6f2b35566f4c3d15d80c48b
S000285,*C(=O)OCCOC(=O)c1ccc(*)o1,5c07929392bd65cf70bac11964acaf40a679b78f24db399aa7d5f4d223f2cd1e
S000286,*CCOCCOC(=O)c1cccc(C(=O)O*)c1,240408eafcc010108ee506cabc18451d3db8e6bc21ebf7bd92561c83a7e5306a
S000287,*CCOC(=O)c1ccc(O*)cc1,ba55d1f74399f65f2228ae50a86ba384d24a1d4100059d43b3f8c631aff8440f
S000288,*CCOc1ccc(C(=O)OCCOC(=O)c2ccc(O*)cc2)cc1,e52798dee0a940ca6471dd05956c8fc994fb9a7489d7ff77d7cddeebd3005765
S000289,*CCCCOc1ccc(C(=O)OCCOC(=O)c2ccc(O*)cc2)cc1,20319c62ee27b68bd17b48f3dace2d43b69dd44a7b5a6e68eea39a75f638ed5c
S000290,*CCCCC(=O)NCc1ccc(CNC(=O)CCCCO*)cc1,1370b54d3b6195ca1edab8168f4944082405275fa24c2b372e1235a89fa6a0f7
S000291,*Oc1ccc(NC(=O)c2cccc(C(=O)Nc3ccc(*)cc3)c2)cc1,e1a733120b6cee8753b5baf617032c8ce0408f051352565534248d694237e03c
S000292,*Oc1ccc(NC(=O)c2ccc(C(=O)Nc3ccc(*)cc3)cc2)cc1,2dd0290be5c72bda3bfd8f3a7c5a9abb87d73f812d47275d7f2df9ecb2446d30
S000293,*CCCCOc1ccc(C(=O)OC(=O)c2ccc(O*)cc2)cc1,5d7c17a264615be4c03eed96f2b8a6e9f3e49915d739ef145e0f98c1517baeb1
S000294,*CCCCCCOc1ccc(C(=O)OC(=O)c2ccc(O*)cc2)cc1,b29504f5d6a22b894609a51470e9326f460fb7b8abe6cab74f47b824d13093f4
S000295,*Oc1ccc(S(=O)(=O)c2ccc(*)cc2)cc1,aa6f690e7080e07a629aa2975b5ab489681108a11d7766bb24225a934550b3a6
S000296,*Oc1ccc(S(=O)(=O)c2ccc(Oc3ccc(C(C)(C)c4ccc(*)cc4)cc3)cc2)cc1,90f0d906d1af980d48753787ec044964ece2cb9c0181c2aecd77f0c041fda418
S000297,*OC(*)CCCCCC,d42762f6049ca018518d7011613ee22afb7fb6715bfc54c2fcf2cc5aa4aeec8c
S000298,*CCOCCOC(=O)CCCCC(=O)O*,5e35ce77e1214809d3037173ade4f760149b4e157460bad4917725a8845949e9
S000299,*CCOC(=O)c1ccc(C(C)(CC)c2ccc(C(=O)O*)cc2)cc1,f23c530b88f6c7136278ce153d90cfe07fff7fba88e45acbf33e7ad71abaa6d7
S000300,*c1ccc(C(=O)Nc2ccc(Oc3ccc(NC(=O)c4ccc(C5(*)OC(=O)c6ccccc65)cc4)cc3)cc2)cc1,c11d69759608a5cdc31806e1028d59c190d42d9859a807073fe613044ab867bc
S000301,*Oc1ccc(S(=O)(=O)c2ccc(Oc3ccc(Cc4ccc(*)cc4)cc3)cc2)cc1,565a0dc41e372b0fa3980cbbe0708d9dbd59c047339b214132924100f6367baa
S000302,*CC(O)COc1ccc(C(C)(C)c2ccc(O*)cc2)cc1,4c0398b6f2b7302c5b5508c08e4b52690a75df3e659b96c03580b3433baaefac
S000303,*CC(O)COc1ccc(S(=O)(=O)c2ccc(O*)cc2)cc1,316b6478f8cc642bdce05d9e803a7ee9e550eee26fa34d901b6fe46a88e20ad4
S000304,*OC(F)(F)C(F)(F)C(F)(F)C(*)(F)F,93405e68683a2b54bf510677d652a795dc85d40f876c320cfe7192eafe55e731
S000305,*CC(CCCCCCCCCC)O*,10a248d9ff5f74d791a44ffdaa5da4f24a938845594961cdf1935dc636193dec
S000306,*CC1CC(*)OC(CCC)O1,c3b39b0de728717b246706c2fd93853da75e76da82655db90b0f5a321e534f71
S000307,*OC1CCCCC1*,2e2f30e8f5e75ba0a6441d2d0b516427b8eec19a6d425830942550770d612534
S000308,*CCCCCCCCc1nnc(*)o1,4e354098f0dac8d5d02d3e9eb0f925116585b707d4bbbb16d392c37be24735c7
S000309,*CCCCCCCCCc1nnc(*)o1,cf2154d8e8a29a3771fdb7bbae50a952d194daeff0de18516491c89b6545a4e7
S000310,*CCCCCCCCCCc1nnc(*)o1,13d5fea74c3380704a685d05c856aba0944f124cdf695994dc01a13bc4d775fc
S000311,*c1ccc(Oc2ccc(-c3nnc(*)o3)cc2)cc1,74fb9f5ca88bc09bb6859d6aa985c11e76260c1a59e48df400069beee771b360
S000312,*c1ccc(C2(c3ccc(-c4nnc(*)o4)cc3)OC(=O)c3ccccc32)cc1,6907181fc58f312310dcc8b3dab1519c64d97c91605d1511f1efbc4a662ba296
S000313,*Oc1ccc(Oc2ccc(C(=O)c3ccc(*)cc3)cc2)cc1,0c606add19c16ab3e0610ed45c29cc548654c1f8a2fde8a9eb16ab57a9732741
S000314,*Oc1cccc(S(=O)(=O)c2ccc(*)cc2)c1,7510b40ff0a4aff76b69830505d254ccd81b02cc2e98267e2dfedefaa54a7c12
S000315,*Oc1ccc(S(=O)(=O)c2ccc(Oc3ccc(C(c4ccc(*)cc4)(C(F)(F)F)C(F)(F)F)cc3)cc2)cc1,0aa87c391f9d2c6d495d4e5b7ae9beb7737641e5470b2ce525e3fd0e5944affe
S000316,*Oc1ccc(S(=O)(=O)c2ccc(Oc3c(C)cc(C(C)(C)c4cc(C)c(*)c(C)c4)cc3C)cc2)cc1,46a4018bd84a7b02403de3ab36f7eb06c5c6f848b4e72092bbda2806afd6224a
S000317,*Oc1ccc(S(=O)(=O)c2ccc(Oc3ccc(C(C)(c4ccccc4)c4ccc(*)cc4)cc3)cc2)cc1,a9cfd70651748ec322608f932ec0d89fbf2136f5ee7440f0051b783aa69eb935
S000318,*Oc1ccc(S(=O)(=O)c2ccc(-c3ccc(S(=O)(=O)c4ccc(Oc5ccc(C(C)(C)c6ccc(*)cc6)cc5)cc4)cc3)cc2)cc1,10863e3b733f0b86db71a460a2ff1a5e58bfdacb74ca79d5164dce7f3e95192f
S000319,*Oc1ccc(S(=O)(=O)c2ccc(Oc3ccc(-c4ccc(*)cc4)cc3)cc2)cc1,457e8064620f81c84387ecfd13634b94940d4b4402fd3d2e8c4f402dfa54e993
S000320,*Oc1ccc(Oc2ccc(S(=O)(=O)c3ccc(*)cc3)cc2)cc1,7c23c49a24aeb1a75f82dc36179ce9eebab0cc0aab47c1d376d0333ace538fc0
S000321,*Oc1ccc(Oc2ccc(Oc3ccc(S(=O)(=O)c4ccc(*)cc4)cc3)cc2)cc1,dedc36c0e16ba5bc6abfa5d204e0ee4ef477d58ad8b13d85d982e0555ad889c8
S000322,*Oc1ccc(S(=O)(=O)c2ccc(Oc3ccc(C(=O)c4ccc(*)cc4)cc3)cc2)cc1,967c3bd837e0e2b78d2aeb0b6b0fdababc8f4f19776ea146398e7e25c4c7b6b4
S000323,*CC(CC)(CC)CO*,22660d358f47e927d44ada47820a5533b93693b686fbb6a290c3e93e9d0b8c8b
S000324,*CC(O*)C(C)C,64f09f9ee8cf243891cee4d347cffda9d1dc8f4b98e8ee8dcb30a18d4ae82427
S000325,*CCOCCOCCOC(=O)c1ccc(-c2ccc(C(=O)O*)cc2)cc1,e6fbd0df946b2d860c07cb74d94a7d623c83e2cad42bd2c07abe583cdacac749
S000326,*c1ccc(-c2nc3cc4nc(*)oc4cc3o2)cc1,bcc991435eddfd9dc301a9d378ad1563a3697753c54471f6d6e4ac7383776336
S000327,*CCOCCOC(=O)c1ccc(-c2ccc(C(=O)O*)cc2)cc1,02d00d3ffaebd7af3975bfa3312a165458adc61a7c98b6923588e028eb29554d
S000328,*CCOCCOC(=O)c1ccc(C(=O)O*)cc1,852eee34a3de54aa5258ebfbe290701bd946e630e135aca07c811c28e63846a5
S000329,*c1ccc(Oc2ccc(-c3cc(-c4ccccc4)c4cc(Oc5ccc6nc(*)cc(-c7ccccc7)c6c5)ccc4n3)cc2)cc1,bf5e7edaeacffe984245f6aca049e1054580c76033c380ea2a0080b9c0bddb2e
S000330,*ON(C(F)(F)F)C(F)(F)C(*)(F)F,2580ef747281a5d76f40cb36a5d6dff8c70de68506345eb94a1963a73e79b563
S000331,*CC(C)(CC)CO*,1df0920e9724ed30d60070ac967bd618c09291d56121ec991a8032a8cd6a7432
S000332,*CC(C)(CO)CO*,02392ac5e9d2c0910661c2ccaa8493113578018e69e516dde8b6bc21ee9a4d23
S000333,*c1ccc2oc(*)nc2c1,8b6de53e389fa2630c04af46f8ec1754b28fb84095ee14c00cc616395a0acf00
S000334,*Oc1ccc(C(=O)c2ccc(C(=O)c3ccc(*)cc3)cc2)cc1,1ac9caed834e50c9b72df307d950c4585209b2e3db3943b5a68261b40fca28f0
S000335,*Oc1ccc(-c2ccc(Oc3ccc(C(=O)c4cccc(C(=O)c5ccc(*)cc5)c4)cc3)cc2)cc1,6547e663aa9be2e12807c208906d69c0608c216b1990c662372dece3c8595196
S000336,*Oc1ccc(S(=O)(=O)c2ccc(Oc3ccc(C(=O)c4cccc(C(=O)c5ccc(*)cc5)c4)cc3)cc2)cc1,c24991fcd9db03691f1ac8b159141defa37d7fd85f405bb9c7490ca120292dd5
S000337,*/C=C/c1sc(*)c(OCCCC)c1OCCCC,8346ea5ec545a0a976c14481db79d8765c978810df6082dd545b38c1aa038c9e
S000338,*Oc1ccc(C(c2ccc(Oc3ccc(C(=O)c4ccccc4-c4ccccc4C(=O)c4ccc(*)cc4)cc3)cc2)(C(F)(F)F)C(F)(F)F)cc1,b1a9ee2feb0e186f7d9c22d1e65615744b4f55417fc0569b200697dbde26de43
S000339,*Oc1ccc(Oc2ccc(C(=O)c3ccc(*)cc3)cc2)cc1C(C)(C)C,a6205c6ed375a4a5e7c955700eddbd102ff153672d05a5befd1119b24d051aa7
S000340,*Oc1ccc(Oc2ccc(C(=O)c3ccc(*)cc3)cc2)cc1C,190a20ef5cf8533b214ad5bde9edc1ef5630f9f78984ac72fff35a1961aa41be
S000341,*c1c(C)cc(Cc2cc(C)c(N3C(=O)c4ccc(Oc5cccc6c(Oc7ccc8c(c7)C(=O)N(*)C8=O)cccc56)cc4C3=O)c(C)c2)cc1C,b17b282469c6341cae7f83c93c64abd1f5f032947a92104892b3c4c24bd26fc5
S000342,*c1cccc(Oc2ccc(-c3ccc(Oc4cccc(-n5c(=O)c6cc7c(=O)n(*)c(=O)c7cc6c5=O)c4)cc3)cc2)c1,b880a8be1b71b1661b24cdaf9e691f6505bf4a0c55f5cddddb65c46056184289
S000343,*Oc1ccc(S(=O)(=O)c2ccc(Oc3ccc(C4(c5ccc(*)cc5)c5ccccc5-c5ccccc54)cc3)cc2)cc1,8f76b80a6a9c0baa459c748a23536066d19c7f2a7c9a5027a3b19d3046fca142
S000344,*Oc1ccc(NC(=O)c2cccc(C(=O)Nc3ccc(Oc4ccc(C(c5ccc(*)cc5)(C(F)(F)F)C(F)(F)F)cc4)cc3)c2)cc1,736fb5c6cb13f13a8965130ce375a1c3406e0fe5125452741c60b43b289e545d
S000345,*Oc1ccc(NC(=O)c2cc(C(=O)Nc3ccc(Oc4ccc(C(c5ccc(*)cc5)(C(F)(F)F)C(F)(F)F)cc4)cc3)cc(C(C)(C)C)c2)cc1,8c318ac488d05d7d397e85e3c9e95ae85b5fb8e95610139851f970a1fde40677
S000346,*CC(C[N-][N+]#N)O*,2bc15db061c5bb32dd0e0ec1ffbfaf475d4f1af50c47f02686d11cf066de2c44
S000347,*CS*,ca0cff5f20dd676b07be6efc2b0ba6cf1518a22fb064446acdc4812ce90041ce
S000348,*CCS*,be194b7ef9c068290a9153b28a198c6422ed2d5ec1e5d59800d65c6ab3446a59
S000349,*CCSSSS*,3e517c6c32666788983ac65562f0aae500173c7bab2de82ff341d25ba20f17f8
S000350,*CC(C)S*,e198773afd78e5da23ce2bad5e07532ea566805436bf8622e67bf4fe26d46241
S000351,*CC(S*)C(C)(C)C,2f8ad0cffe9e28ef30405a5e4a872b11bf0240fe98ea969a6e58a4f86c6b8e09
S000352,*CC(CC)S*,05d3b89b8d6ad9d63962046d3bcfdc3c2ff96f559ad0cb8342b4a20a2a226e7a
S000353,*CC(COCC=C)S*,32b04e6648de084a6418786ceedb4b6f1c649a3df1925963afe29f6ca1282697
S000354,*CCCS*,a0cc843a16f0ad7efd43f32ed47a31d2e12779b9c361c2370556c1eddbc49bc2
S000355,*CC(C)(C)CS*,0aa549ea61d4018528f1e8d4ec6cf0bb58caa195f7988bc1421675ec07ff7425
S000356,*CCCCS*,2d6e14c84d259fc37a7a98c2602ce36355c3027c8aef64dabfee73a07c917890
S000357,*CCCCCS*,4b85d438d40e3e00b7277d624dcfebce7da75ed99f286b98fb7d40a002a8aaaa
S000358,*CCCCCCS*,bdab413dc78e58b6f617bbbc81670c56fb5126c1b71a15e52ed46a4210110d8e
S000359,*Sc1ccc(*)cc1,a1e899d361bba98af4e1585d910babe0db998fb793f0e88eaf1de122998722dd
S000360,*CCCCC(=O)NCc1ccc(CNC(=O)CCCCS*)cc1,a735b46d2d30e3f6942a656b287ba28c04d69ccc233ba038e7a90e24fc069540
S000361,*CCCCCC(=O)NCc1ccc(CNC(=O)CCCCCS*)cc1,a33bac3573df0eada9d973e58814e35c43407fffbf08f024b03d5b20a0845c68
S000362,*CCCCCCC(=O)NCc1ccc(CNC(=O)CCCCCCS*)cc1,a216ff7a1917100c8e04295c472bab80864b46cf98d7e749a8390da8e4eb66d4
S000363,*CCCCCCCCC(=O)NCc1ccc(CNC(=O)CCCCCCCCS*)cc1,903c1a78b226c1157edb43b4986b492ff7c72b647ff5cc310b6e28134f6049cf
S000364,*CCCCCCCCCCC(=O)NCc1ccc(CNC(=O)CCCCCCCCCCS*)cc1,d51f0862905fa24295199ad05922e8b0cef958a8fb71e60a51f4191725feaabc
S000365,*CCCCC(=O)NCCc1ccc(CCNC(=O)CCCCS*)cc1,a2a3de2bcc9c005d2783966fd6a57154ee2ff60551236e2d7d14b7c0d21de267
S000366,*CCCCCC(=O)NCCc1ccc(CCNC(=O)CCCCCS*)cc1,0ca1be258ef1678e846f8f2f9b7659bd98b489b9b49ec759f9c52147751d1d61
S000367,*CCCCCCC(=O)NCCc1ccc(CCNC(=O)CCCCCCS*)cc1,945747ba8e4047780c19be51945ab93f1c7e1cb8d4dcb9c386903d64f0bbb52b
S000368,*CCCCCCCCC(=O)NCCc1ccc(CCNC(=O)CCCCCCCCS*)cc1,81e2cbc6c4104dab06ef2ba8d8a229333b2e33de66236b9884562d3f570e1199
S000369,*CCCCCCCCCCC(=O)NCCc1ccc(CCNC(=O)CCCCCCCCCCS*)cc1,01d63005238bcbf3eb3558adc9d75e1fc48896410221664526a8982b1863ee43
S000370,*Oc1ccc(Sc2ccc(OC(*)=O)cc2)cc1,5686c628edd02ad0a76d8dc96782928e6f99ad4fb114904a679e0c15d1656dd1
S000371,*c1ccc2nc(*)sc2c1,a46443ee37062930290ea6ca183a36db009b573449bde37181d81fe98a8be000
S000372,*c1ccc(-c2nc3cc4sc(*)nc4cc3s2)cc1,4c6d64986c05e0cdf8ff7e8bb90302edda19ab5f160301f32e3688fc1058d560
S000373,*CCOC(=O)C(=O)O*,bb84f09b3f4b86ff50c653ccd3826e9ee2f06b7830a287c922e3d674c67ca3d1
S000374,*CCOC(=O)CCC(=O)O*,0d1e41b19b05fa47cdc4e3cc4b8e47e1c664de98c8c2f688cb7a1dc64bc3d8a5
S000375,*CCCCOC(=O)CCC(=O)O*,51c836f0980f64d5f09e44b04de9228b7bd1a7975e6b62a614cf20d92e5d6235
S000376,*CCCOC(=O)CCCC(=O)O*,8289d7553b6865bcc1302db15d3e81af4a39722a719cc40662deb6627dd6606a
S000377,*CCOC(=O)CCCCC(=O)O*,d765cae8e31dfc5333d41afeed30165e9245e120ee0980e73b361a6fc2348db6
S000378,*CCCOC(=O)CCCCC(=O)O*,32382a9a3ff0f6627a0ef502f98ab417f5a4c42d135892ac4f9787975ab6855d
S000379,*CCCCCCCCCCOC(=O)CCCCC(=O)O*,5d85df84e4d2e188f97360cacd173ee4abb246b20baa3e748967d86558f2ebcf
S000380,*CCOC(=O)CCCCCCC(=O)O*,2265598ea6140ef255b404b4e8e2aff5deaae89c7c0ac95eed9cb6507061a6ab
S000381,*CCOC(=O)CCCCCCCC(=O)O*,43eb28c8b73eddf6f3311bea256e1eb099e8a293d9221840179808a75fa1662e
S000382,*CCCCCCCCCOC(=O)CCCCCCCC(=O)O*,b4e8eb79173e5393bfaaf1d57f5377b7667c81434825b811912692057572e703
S000383,*CCCCCCCCCCOC(=O)CCCCCCCC(=O)O*,97cb2f62b4103c915aa43d90ef6ad6f4550756770d521b41da3ccd7c9b296410
S000384,*CCOC(=O)CCCCCCCCC(=O)O*,0512db92c4b8a275f2d2e8e9656e7e02979dd3263a1579966549c601c338c422
S000385,*CCCOC(=O)CCCCCCCCC(=O)O*,990ad78ea6771db00097c68d0573d0228434fef14e0aa2005a9df7ca58ba431a
S000386,*CCCCCCOC(=O)CCCCCCCCC(=O)O*,65c18ef1ba9713494562c9572874d22f408a26e770c7bd209fcb8c9d5c9f91f8
S000387,*CCCCCCCCCCOC(=O)CCCCCCCCC(=O)O*,690933f3b04ac9eeaa5e32977acaaf60a44642da23c722d0a0c85b49211d592d
S000388,*CCOC(=O)c1ccc(C(=O)O*)cc1,b86eb5d33f732d35a815d20b1f24b348617d21e829d6351b5befe1172b80e51e
S000389,*CCOC(=O)c1cccc(C(=O)O*)c1,8eec89234187898a9dd99dfea9802fc6e6bdc079090c5d84eb5ef851a4580415
S000390,*CCCCOC(=O)c1ccc(C(=O)O*)cc1,da94fd5d4d6d25c72f2adaf6ee78914cdc365084e9ee399f531ce1d7b34d2330
S000391,*CCCCOC(=O)c1cccc(C(=O)O*)c1,97f05f420442cc8528ac84361563e1026a6e565e3515b4debe6135986a78c893
S000392,*CCCCCOC(=O)c1ccc(C(=O)O*)cc1,316bcbd4c7aa8057ecd9de2882c9fb7bf20f18b89be6766b87359f1f04fafdfb
S000393,*CCCCCCOC(=O)c1ccc(C(=O)O*)cc1,61b5cbdd57588b73c5ed93fee4f1fc39807ac91d0b1bf686356118100575eb00
S000394,*CCCCCCCCCCOC(=O)c1ccc(C(=O)O*)cc1,c526cc0405709c0ad5cc8532ab7ecdfddfa49329156bf61b8b154a098a8c4d7c
S000395,*CC1CCC(COC(=O)c2ccc(C(=O)O*)cc2)CC1,80b5c003fcada15c8c91da9be2dfc4a98557dce801d849bb619a7ce450273798
S000396,*Oc1ccc(C(C)(C)c2ccc(OC(=O)c3ccc(C(*)=O)cc3)cc2)cc1,ca67a5a5aa8bfbf0b9359da047d437749e1251f6126d790913142dda0c3983eb
S000397,*Oc1ccc(C(C)(C)c2ccc(OC(=O)c3cccc(C(*)=O)c3)cc2)cc1,8a54566b79ba049551aba0e204ecaa50069bc9a4add756c4f139b31e87d8e3bb
S000398,*CCOC(=O)c1ccc2ccc(C(=O)O*)cc2c1,de9f8753cd5202f18617f4a557078857fa5c7f4754ef1cc1ace9be49ccc26740
S000399,*CCOC(=O)c1ccc2cc(C(=O)O*)ccc2c1,859f8fc02f96f35b0de63603cc7cf08be3eec3cec83f7a45025f6fa29672978b
S000400,*CCCCOC(=O)CCCCC(=O)O*,181962eb541234aa77bd43c50bdbbd4218f17cef309ca0c47c16ce17bfe03711
S000401,*OC1CCC(OC(=O)CCCCC(*)=O)CC1,1265eae23f0bde9e8782c0a06f17714cb10e2d45ea0ec4f7490664916abc406f
S000402,*CCOC(=O)c1ccccc1C(=O)O*,47a30cbf244b26851fc8073e07e73e63e9c929c72aa1490fc210c02bf46cda47
S000403,*Oc1cccc(OC(=O)c2cccc(C(*)=O)c2)c1,1f5379b495f8b5ca6d5a263d5eb94dd66c8e73144bf8f1666c9dc414f3c771c1
S000404,*Oc1ccc(C(C)(C)c2ccc(OC(=O)c3ccc(C(*)=O)cc3)c(C)c2)cc1C,d3fa692b2fd4ec29d6834871e5bd26dd1ff72db5c4a12bee4485df068e0fe1ce
S000405,*Oc1ccc(C2(c3ccc(OC(=O)c4cccc(C(*)=O)c4)cc3)c3ccccc3-c3ccccc32)cc1,e1aad3348c2b71fedc01b04215e5ad870fb47df290bc25b0dc04b042dc50dced
S000406,*c1ccc(OC(=O)c2ccc(C(=O)Oc3ccc(C4(*)OC(=O)c5ccccc54)cc3)cc2)cc1,93e28c00e1fc59f3134a5f9cfd77aab6b80c2ed01a5fa04658f62760d84c50b8
S000407,*CCOC(=O)c1cccc2c(C(=O)O*)cccc12,7279f57f2cabdce59d880fd6bbfcc277782fd1ffd7c5d6d9320b9c283e9e4504
S000408,*CCOC(=O)c1ccc(C(=O)O*)c2ccccc12,bf86c5250bba2c3ba4e29f69b62b6f631a3ab47587f0aad830205cb59808b594
S000409,*CC(=O)O*,f77e2de49d623839a44eef045a755a856e63fef4f41810c2f9e405df5677858c
S000410,*CCCCCC(=O)O*,2b2ccab0fc31dc6b949b8fa3f69a85970c625c8b6d05ada64b258ea2aa562956
S000411,*CCCCCCC(=O)O*,fb4585f9e995516aa26882498070b51e8b3dec61c96f5cffdd32ecdfa86b9404
S000412,*CCCCCCCCCC(=O)O*,2ea7c2f6b9062738ca6ce525be933933bfa3bc4235087d0bbe848650751eb3e9
S000413,*CCCCCOC(=O)CCCCCC(=O)O*,5f87633c33c6febc94638b2c6422f408da5dbbdfa5136e5eaf3a77016cc824b2
S000414,*CCCCCCOC(=O)CCCCC(=O)O*,38579566df9497730697fef1c4a412bf2bd7f1efc47949d710573af86f8ffb76
S000415,*CCCCCCCCCCOC(=O)CCCCCCCCCCCCCCCCC(=O)O*,ecdb0971b6cba43fff20359b4d63f5d9a92319c50d2fa9d1f0e5b362e34748ad
S000416,*OC(C)CCC(C)OC(=O)CCCCC(*)=O,81306526e9e234c0c3d01359ba0e517c5ef527e9a3513e3f0b4c3764c965ca7e
S000417,*CCOC(=O)/C=C/C(=O)O*,99b1dca2fd22eae8a88ec521038b9d317016fad85d89f0b8185135bd501d1323
S000418,*CCCOC(=O)c1ccc(C(=O)O*)cc1,b4e0a5ba2ea74004f8728f59f58d893e01a90e89e026ecebefb2345e908539fc
S000419,*CCCCCCCCCCOC(=O)c1cccc(C(=O)O*)c1,40823f65b80a3c1c5dae080bdea0d3207e7ef2b13e98a402e901c326e498ad18
S000420,*Oc1ccc(OC(=O)c2ccc(C(*)=O)cc2)cc1-c1ccccc1,812fe7424f544e643cee1bb72f9aa4bc804d156365739da168d0ac36176c7fd7
S000421,*Oc1ccc(-c2ccc(OC(=O)CCCCCC(*)=O)cc2)cc1,bba305f186f771c553780a887dfa680be8e7ef784792a8b1921d5d9d82bf12a2
S000422,*Oc1ccc(-c2ccc(OC(=O)CCCCCCC(*)=O)cc2)cc1,6377a3c90a8fde062b14ea40e081b274873f87c900b9d91b6a46cbc4e4f42f1d
S000423,*Oc1ccc(-c2ccc(OC(=O)CCCCCCCC(*)=O)cc2)cc1,9a84b9e8a8cdbaeeb39b949995b8b41384110f6117ed9b2ffed4cb240671b0e9
S000424,*Oc1ccc(-c2ccc(OC(=O)CCCCCCCCC(*)=O)cc2)cc1,f9fd9d2e747aabddd1cdbee685e0b0ac3ab789dcd4f837f2bad2614b58fdc9e4
S000425,*Oc1ccc(-c2ccc(OC(=O)CCCCCCCCCC(*)=O)cc2)cc1,47e13d10159d4e7542f9f846d880431e2b6e317841b07a8b5c1b1a622b4a5528
S000426,*CCCCCCOC(=O)c1cccc(C(=O)O*)c1,613a62e631ac09ee78cd6e1a80018e2cf15db222585043c1cbeedcf255d7a374
S000427,*Oc1ccc(-c2ccc(OC(=O)CCCCCCCCCCC(*)=O)cc2)cc1,c368272af360737fc0b56d5e0de8b8eb169d2020da23b4ed4c6d7fd7cb3fbc85
S000428,*Oc1ccc(-c2ccc(OC(=O)CCCCCCCCCCCC(*)=O)cc2)cc1,6796ae93b568d7e92a3dac8749e08d4643b8e991e9daf82e11c88b5a5f8fd1bc
S000429,*Oc1ccc(-c2ccc(OC(=O)CCCCCCCCCCCCC(*)=O)cc2)cc1,cbe94833bc8d9e7987dfc1481d0e5695f51f8d027d118a45b21db965dd3a802f
S000430,*CC1CCC(COC(=O)CCCCC(=O)O*)CC1,21b68aa7a8a121635d6bf83dcc1befd7c27697b8a171cada0f67782d4f0fb84d
S000431,*CC1CCC(COC(=O)CCC(=O)O*)CC1,2172f6eea3c6d5cb829e9c83d6453e806310efe871fdbe765c30bcbe0e1d259b
S000432,*CCOC(=O)CCCCCC(=O)O*,13e61a07d21d6e27c469162421293d4cd149403ae484153460dd1de7a2a599c0
S000433,*Oc1ccc(C(*)=O)cc1,5eaa1fba42b5a2f9fb8932526d885fe1f51f43a27e8f80d89532eab47563e710
S000434,*OC(C)CC(*)=O,3947a289b823e1cacf2404bccc430e02861bf35c362bfe53830bb8601d97dc9e
S000435,*OC(C)C(*)=O,dae9b75628db71c978585c7a033378d3f3eb5c785f9dfce0b10e110ee10d922d
S000436,*CCC(=O)O*,9f76b4c713bb0b69c80f15ad4d6def2060863b0278b13fa2edf12caf53d1ef2e
S000437,*OC(CC(*)=O)C(Cl)Cl,0199d925d79995a86d4bbeaa65c9c876887fa59638606b6172fdb9d8f748cc3b
S000438,*CC(CC)(CC)C(=O)O*,a875cb0a5713f60e09edf5ce6f67057acfd21ef403f8f846e8417de508fd680b
S000439,*CC(C)(C)C(=O)O*,4e19f754b611f1f2bc72e2479fcf8ca46f20c17cfdc35189836b220ed81535fd
S000440,*OC(CC)CC(*)=O,33ea0e406c69a1f7e9ff358666e02f1899203d46fb4702219e0d9d6b8e69e7df
S000441,*CC(C)(CC)C(=O)O*,10cb37b7d0dc5feaf300be124091fceee7f9684c1a52d76389d83fc0fe4d02f0
S000442,*OC(CC(*)=O)C(C)C,4e4f305fecdaeda98d3e9b8c61b76ea16ae48b10760af0b872adf1cdfd910870
S000443,*CC(C)(CCC)C(=O)O*,da41f0476c0335241c8878d8d6e1588f4e5f3f408d99df265d6c16749ae50caf
S000444,*OC(CC(*)=O)C(Cl)(Cl)Cl,d97e4a088e91105ac4ddf3a0bf37cfc41a412bbe340e0aeacfbfc224bbccd677
S000445,*Oc1ccc(OC(=O)CCCCC(*)=O)cc1,05d88f82038c00d7e309385cb74bb28dea031307a774b747348e53c5fbe9f978
S000446,*CCCOC(=O)CCCCCCCCCCCCCCCCC(=O)O*,869d281ec33c9393a4622a0462fc5f31d6c4214c03a05cbb3df06909cebdb8d5
S000447,*OC(=C)CC(*)=O,f5a37065f6767edfd267534ab3adb465fd2e213c80969fb809bb9c5819767884
S000448,*Sc1ccc(-c2ccc(SC(=O)c3cccc(C(*)=O)c3)cc2)cc1,b86cae2d3f8547036d7e31fd89858dd8fe28b75d3d7351686460ede4bc4a42ba
S000449,*CC1CCC(COC(=O)C2CCC(C(=O)O*)CC2)CC1,b9a5328ddf7b73d7eaee45432c0f74cb3cadfbef294c417934b185e6861978c9
S000450,*CCOC(=O)C1CCC(C(=O)O*)CC1,57aad8569a51fde0aa5173caa1f728cbb532750bdf4ade737ea1339924a444f2
S000451,*CCOC(=O)c1ccc(-c2ccc(C(=O)O*)cc2)cc1,24e0d26c2d5445520c863e5f3f90dc4b43803bbc1a17dcd04732f6d15198537f
S000452,*CCCCCCCCCCCCOC(=O)c1ccc(C(=O)NCCCCCCCCCCCCNC(=O)c2ccc(C(=O)O*)cc2)cc1,93ee51044698854c7033fb4daff6299d682c8f1fc020c08abb97bcf3004851f5
S000453,*CCOC(=O)c1ccc(C(=O)NCCCCCCCCCCCCNC(=O)c2ccc(C(=O)O*)cc2)cc1,5fe63d0b7b1f037645fe71758570abb19c4ce1d2fcb6af7e07f0e109a3f7be71
S000454,*CCCCCC(=O)NCCCCCCNC(=O)CCCCCOC(=O)CCCCC(=O)O*,493db692ca4a33f3e04213b81c5bd70b609a0a98c5c69a8aa1bce36f99293261
S000455,*CCCCCCOC(=O)c1ccc(C(=O)NCCCCCCCCCCCCNC(=O)c2ccc(C(=O)O*)cc2)cc1,6cbd92660a0d9debca29370fcdd76d85841482c759ae0a7db0b9fc4d9ccd2219
S000456,*CCCCCCOC(=O)c1ccc(C(=O)NCCCCCCNC(=O)c2ccc(C(=O)O*)cc2)cc1,22bdb4bfe62b24da50541d91222f7065a0e4e1307ca4123da9a14f9cf7fb41ca
S000457,*CCCCCCOC(=O)CCCCCCCC(=O)O*,c170aa0837c8f45a1891e9c3707770b2b1236e5ff264b611608e8843a389cba4
S000458,*CCCCCCOC(=O)c1ccc(-c2ccc(C(=O)O*)cc2)cc1,ebdd1225a1f3b64495a8f60314a135163741ff5a56114c98391960cf16d9a556
S000459,*CCCCCCOC(=O)CCCCCC(=O)O*,f4b1e45360a970407e1b71e29ec0ce709562ebd38672b4e2ffcf07e0c7452ace
S000460,*CCc1ccc(CCOC(=O)c2ccc(C(=O)O*)cc2)cc1,2e777ed3fa4e74d014df33a0f4fa793cbe231d692fc40f7a34628d7522016041
S000461,*CCCCCc1ccc(CCCCCOC(=O)c2ccc(C(=O)O*)cc2)cc1,2bb717c6b9a4b981df110487a78dbab9c53a04eb5b176020cd04d6550420b1b4
S000462,*CCCCc1ccc(CCCCOC(=O)c2ccc(C(=O)O*)cc2)cc1,c5352196846d9d9d2c7dceb97bf85e6a74c93a9f232a177705c84d8bc193454d
S000463,*CCCc1ccc(CCCOC(=O)c2ccc(C(=O)O*)cc2)cc1,9423f334507d7fb4e04c19c7f9840c0ab48ffb5602dfe1f5cb5f3c28618b9885
S000464,*Oc1ccc(OC(=O)c2ccc(C(*)=O)cc2)cc1,aa80aa2d033dcf1093e27f1f894781f39b990a547cf217d5888a7b3ef1550318
S000465,*CCCCOC(=O)CCCCCCCC(=O)O*,709e25c77e0139057db3cbcc85c5c94e424f782106de29382202de0e6d9f4bcf
S000466,*CCCOC(=O)c1cccc(C(=O)O*)c1,a01983fee99b5eca06d90bb907ab6e5cb17c98457bff16c8339099376009a17e
S000467,*CC(C)(C)COC(=O)CCC(=O)O*,c1c5595edd2eee44fb316cff84b7e4d49a3499a48ad892ebcb0da4c12d2fabca
S000468,*Cc1ccc(COC(=O)c2ccc(C(=O)O*)cc2)cc1,8697760a01fa71dc421e9113cd61936819ae888bcf1872d60ac5a09f67617521
S000469,*Oc1ccc(-c2ccc(OC(=O)c3cccc(C(*)=O)c3)cc2)cc1,b3c10e3d901b3e1fc5978e27ac76223366610a5052dd5e841adbdc8158d11cb2
S000470,*Oc1ccc(C(C)(C)c2ccc(OC(=O)c3cccc(C(*)=O)c3)c(C)c2)cc1C,f439c5b087d3ee7701b230cf533cc826ad6aa61504db13f3df48f4933304ca4e
S000471,*Oc1c(C)cc(C(C)(C)c2cc(C)c(OC(=O)c3cccc(C(*)=O)c3)c(C)c2)cc1C,ad78272cd22245588b0518bd8487e26aaa223dae0c95555fc06d9cd67a8a4e87
S000472,*CCCOC(=O)c1ccc2cc(C(=O)O*)ccc2c1,d3ea18434034a422c617456a82a20d29f0e5c58d277703d9dd6fe9e575ed2e06
S000473,*Oc1ccc(C(C)(C)c2ccc(OC(=O)c3ccc(C(C)(CC)c4ccc(C(*)=O)cc4)cc3)cc2)cc1,b7b6b924516f21cee1acfa7f540fc796fe51c7ea6ce8f2940849c9b40a7b7679
S000474,*Oc1c(C)cc(C(C)(C)c2cc(C)c(OC(=O)c3ccc(C(*)=O)cc3)c(C)c2)cc1C,f83d05b54250ee4acb03b8bc2f507975baa842d0046d083e113e55c6ad6e32ed
S000475,*Oc1ccc(C2(c3ccc(OC(=O)c4ccc(C(*)=O)cc4)cc3)c3ccccc3-c3ccccc32)cc1,5a22fafa7b49a1d38fec3f9ff194e63d975bf4dd05f14afcc1ea1571200bad6e
S000476,*Oc1ccc(C(c2ccc(OC(=O)c3ccc(C(*)=O)cc3)cc2)(C(F)(F)F)C(F)(F)F)cc1,e19c347159cc9ce6ddab7f4622888a2c421ae37ed3dfd1590a8505c0dc6dda99
S000477,*CCCCCCCCCCCCOC(=O)c1cccc(C(=O)O*)c1,b56633474acb98cca0ad9071ded05b0769ffb47aede8570c00a818d668737fd5
S000478,*OC1CCC(OC(=O)CCCCCCCCC(*)=O)CC1,b1c6645c9efe34e3a7e1c6bd17b7a1d597ee9e01bc0a32944c53264963fd1338
S000479,*CCOC(=O)c1ccc(C2(C)CC(C)(C)c3ccc(C(=O)O*)cc32)cc1,c0925522e4fdcd6c7827dc756d8c2ede7e91c4feb7093b5d5c874fb4ce43ae75
S000480,*Oc1ccc(OC(=O)CCCCCCCCC(*)=O)cc1,683eaba4380385481691faaed572e96d0754a004dc0594fca7e0e90b9d1ad27d
S000481,*CCC(=O)N*,edf3ca5bcb9e24d9eae7c6fe2b8f9c6cdc6d685c289189615a878f22017a3672
S000482,*CCCCNC(=O)CCCCC(=O)N*,daada4de4ed2c8703e7f60dc4a06f5da8e6de82e2ff4cb700f69247320df0e9a
S000483,*CCCCCNC(=O)CCCCC(=O)N*,bebdbaca7de7ce56f72bffca9ef0c457e766d73a9e91f02abe4ebb7781aa7601
S000484,*CCCCCC(=O)N*,b7f51d0e12231bd0f489bacf2d27772a261c1bace33b26563f27636217d4a5f3
S000485,*CCCCCCNC(=O)CCCCC(=O)N*,6f2d69101644ec510a779c9496df3063307be5e7bd1885ce361e0c684b95d6a0
S000486,*CCCCCCNC(=O)CCCCCC(=O)N*,8e663bbfc0957cfb93795221f822cbcb888448300ee52e5024dd40b0fd9eed41
S000487,*CCCCCCNC(=O)CCCCCCC(=O)N*,7dd6b4c532bd2e89fe98d8d62b2cd11d67d84581118fe3006e49819ac16b7a96
S000488,*CCCCCCNC(=O)CCCCCCCC(=O)N*,7bcad7241e9f24d42e5d39341c766e8106e96506e8cad9d66aace50cd439027f
S000489,*CCCCCCNC(=O)CCCCCCCCC(=O)N*,e0fa2f6335ed0277d89371e4a8b4a221eea4adfe7882c5353d1ac093df5c6848
S000490,*CCCCCCNC(=O)CCCCCCCCCCC(=O)N*,721a71fd1135e53b155e3407c785f4728d2b8b55b0cac27a2ab27ca35d7e05eb
S000491,*CCCCCCC(=O)N*,7139a6d3592016de1ba8b675e35d17ff1a2125a6a53c652875596c756972076c
S000492,*CCCCCCCNC(=O)CCCCC(=O)N*,98bc13bed4455c1fca1981d0b519eab8d1f09e62577a4c0ece5b9c8680f97ef9
S000493,*CCCCCCCNC(=O)CCCCCC(=O)N*,b2e7406c9b394a45d4762d04e55408d07864f0d1a1ea9abf5369a5af2bc313a2
S000494,*CCCCCCCC(=O)N*,6cdac9f617b78e98f2efe529c597252abba97693fa7b0c42a978e85518a68a69
S000495,*CCCCCCCCNC(=O)CCCCCCCCC(=O)N*,e3def70f22ae3fc730d996607c413e630fa1e0b65bc89be123d0cb43cc9212f0
S000496,*CCCCCCCCNC(=O)CCCCCCCCCCC(=O)N*,489ff2709080ecb50c13988d392481ff716c2ded5b97b56b28edccdd0e1d46d0
S000497,*CCCCCCCCNC(=O)CCCCCCCCCCCCCCCCCCCCC(=O)N*,d068e70d2e3da9e2399d26a073dd69917cff78c7b6c1df34a0d368317907d265
S000498,*CCCCCCCCC(=O)N*,f6c69b687ec628de26bd963648e7ab9bf4e26a005f6ba20efcb9180b9da1b696
S000499,*CCCCCCCCCC(=O)N*,2a256e990bf4c23f5fac3dd19b5ddba5d6cc7b2d834eef51088dc8ab46d0fec6
S000500,*CCCCCCCCCCNC(=O)CCCCCCCCCCC(=O)N*,ec117ab631b584caf05a9fbc4f5784abbf3903ebfe163b104ebf9f5b21c85135
S000501,*CCCCCCCCCCC(=O)N*,a67e8b86a760e2b7927d40f79c5c517bc0e1cb2cadf101514e76493777ff8a42
S000502,*CCCCCCCCCCCC(=O)N*,15731cb67d3f8c7165987e52f405a4233d4d6dba1862561e61aebb0941107393
S000503,*CCCCCCCCCCCCNC(=O)CCCCCCCCCCCCCCCCC(=O)N*,902252e213b045b14f8b6a45a38e40a8878f9cb88a09033071863167fad4e517
S000504,*CCCCCCCCCCCCC(=O)N*,f6a26b2f9ddb084774f38e1062059607c4c72452986396a12dae6d70cf2a5168
S000505,*CCCCCCCCCCCCCCNC(=O)CCCCCCCCCCCCCCCCC(=O)N*,d25e00bd81d41a06eeaf2753ad96a5abf8be340856b4e970c1b5a304ad2df8d5
S000506,*CCCCCCCCCCCCCCCCCCNC(=O)CCCCCCCCCCCCCCCCC(=O)N*,2e7ac760b01f12705a37e4d5dc4c6fa8ea3d2b082b38a24aec3a0e01564519af
S000507,*CCCCCCCCCCNC(=O)CCCCCCCCC(=O)N*,407ba89324239bba993c2fd8dbe60d7d9d300e84d9e888b2b7140f59bbf64cbf
S000508,*CCCNC(=O)CCCCC(=O)NCCCN(*)C,fc0eb1fae9a83b09d817d409c3436ec52806fd5f0c5b2d777aaad4300e8cacf4
S000509,*CCCCP(C)(=O)CCCNC(=O)CCCCC(=O)N*,217e9baa0b3d1852ee802a268f350d5621bfa0c2657ef20d3d07132c183e16f7
S000510,*CCCP(C)(=O)CCCNC(=O)CCCCC(=O)N*,114b6f9bcc601caa2e907a7f6d068f2134290cae1c9db16616e7bc2c0955e7f8
S000511,*CCCP(CCCNC(=O)CCCCC(=O)N*)c1ccccc1,21a97d8083b20b489a23b8402c61cb279750e6dade2415045cccfb774dc8c2ad
S000512,*NC1CCC(CC2CCC(NC(=O)CCCCCCCCCCC(*)=O)CC2)CC1,b2ac059eb775ed89661639476ded1af7a2e1542a9734c0d8829e3a59314b9f68
S000513,*CCc1ccc(CCNC(=O)CCCCCCCCCCCCCCC(=O)N*)cc1,1cdb0ec62312b09302e8c513291ecfcf7d03aabad89f93efb17a15edba24b25f
S000514,*CCc1ccc(CCNC(=O)CCCCCCCCCCCCCCCCC(=O)N*)cc1,c5f767eadadc4f0383c06c3f37564979eb1db16bef88e90361aadd50c8b3f43d
S000515,*CCc1ccc(CCNC(=O)CCCCCCCCCCCCC(=O)N*)cc1,7f535b69133ec649cce970ecefc5de3caefab1872c278c1f848e374e92a232ee
S000516,*CCc1ccc(CCNC(=O)CCCCCCCCCC(=O)N*)cc1,973fd44a293d38dce55c8515523ac51ac2c9ad70723469f2a6af963bbbe83f64
S000517,*CCc1ccc(CCNC(=O)CCCCCCCCC(=O)N*)cc1,c2b5862798d6c2cfc6a622e96cbfeb1d719914471c53d0e8b87d72cf38ffb7df
S000518,*Nc1ccc(-c2ccc(NC(=O)c3cccc(C(*)=O)c3)cc2)cc1,dc2bb0515b415c222e3be91d5edbfad7e4ce65f84aa1516d8b937982b9270a72
S000519,*Nc1ccc(Cc2ccc(NC(=O)c3cccc(C(*)=O)c3)cc2)cc1,d6d999def0a17df0cca1e715437a84e70df6f8e3e74fee72888ade0b77354908
S000520,*CCCCCCNC(=O)CCC(C)CC(=O)N*,a5cce35c85e525e37537ad70f38fef0294e638a30607f873617fc90ba9a24e10
S000521,*CCCCCCCCNC(=O)Cc1ccc(CC(=O)N*)cc1,7318c3ca93f0e0b2e24ca0c80b62cefefcaad2a4a25f280438873920f44f1943
S000522,*NC1CC(C)(C)CC(C)(CNC(=O)CCCCC(*)=O)C1,1d988e11b3888959a61d7fe2fb2d2a0c1a026ee871b1f03a08b031bd8bd19dac
S000523,*Cc1cccc(CNC(=O)CCCCC(=O)N*)c1,7f381961519dd76d7b69320d5ec184273c2d7e5d7af9d320e34cdbd819c8d2cd
S000524,*Cc1ccc(CNC(=O)CCCCCCCCCCC(=O)N*)cc1,28df91f5d0d00a88cb3a3f8582701afbee6b87c129498bee4626b9d517c71f4b
S000525,*Cc1ccc(CNC(=O)CCCCCCCCCCCCCCCCC(=O)N*)cc1,4622e0dddd5643c0ace7237fd75fa19c97d22a3e482f413c7fefdff507324223
S000526,*Cc1ccc(CNC(=O)CCCCCCCCCCCCCC(=O)N*)cc1,63a883d81be9f7e88af299019c70ec2c5362660a507c6c27533e8b36e33d9046
S000527,*Cc1ccc(CNC(=O)CCCCCCCCC(=O)N*)cc1,758449b292c97d5d6a27a40759ba84bf55e5763c8ba48147ad2ec77dcd236b35
S000528,*Cc1ccc(CNC(=O)CCCCCCCCCCCC(=O)N*)cc1,33cbc907efdfe5469f1effd7f38275cc87c808bc219d2cc1d672b20b288a67f8
S000529,*Cc1ccc(CNC(=O)CCCCCCCCCC(=O)N*)cc1,04d392cb224c7a156003b08ea57f9f44e1020342c597740a4d5f6bb56794ffb8
S000530,*NC(C)(C)CC(*)=O,a436175644652577fdf03a5419d43b96ffec661eb94096f05debfe202a861a16
S000531,*Nc1cccc2c(NC(=O)c3cccc(C(*)=O)c3)cccc12,0895575ab40e485e9c0ecf8d1e68b9abd8ee1b98a4f1f8c65e37a23dc67b4a64
S000532,*Nc1cccc2c(NC(=O)c3ccc(C(*)=O)cc3)cccc12,fe7eaace6d3ea2d6e806f23ff3273569f1420501492abfbc643b5e435d73973d
S000533,*CCCCCCCCCCCCCCCCCCNC(=O)Cc1ccc(CC(=O)N*)cc1,7e7de6c6bd9e5d0741b2b43d8decd4430cf4dc30dde093d9aabaf80ba7b553de
S000534,*CCCCCCCCCCCCNC(=O)CCc1ccc(CCC(=O)N*)cc1,0dbee52256e8f4d7385b1e45ecbe82efc2c44602817cbaed72551db13d4a656b
S000535,*CCCCCCCCCCCCCCCCCCNC(=O)CCc1ccc(CCC(=O)N*)cc1,868c103bb9b0e871d1579e9bbf6913e5ec4c7d64ede1a9c366b4bd7fc655d565
S000536,*Nc1cccc(NC(=O)c2cccc(C(*)=O)c2)c1,1183807b0bf5a3b1ee6d4cddaa263eee33de8f3070c388a697041510ff1e918a
S000537,*Nc1ccc(NC(=O)c2cccc(C(*)=O)c2)cc1,f819a2fd7a4bf59f0631954a100a04717a2266ef8e9ce538932950af0a1e7c45
S000538,*Nc1cccc(NC(=O)c2ccc(C(*)=O)cc2)c1,05b581822baed2f9e1908bd4ffcec54d2b05fa4d90183bbd8acb161c48cef513
S000539,*Nc1ccc(NC(=O)c2ccc(C(*)=O)cc2)cc1,bf4130527554f5059fa5779bcf0add4aecb9a6017826f443652da712006bf379
S000540,*Nc1ccc(-c2ccc(NC(=O)c3ccc(C(*)=O)cc3)cc2)cc1,fc4acc7b93768875298e8dc4bbcca7425a0c7a075c3a64f6fe8a788153c23f01
S000541,*CCCCCCCCCCCCNC(=O)c1ccc(C(=O)N*)cc1,d5fb7ce2ff5f81d9699cc6115bd9cfeef4769684c68cbc66ea93a808291302f8
S000542,*CCCCCCCCCNC(=O)c1ccc(C(=O)N*)cc1,bbf66a5f262788c5e2bb06017c644cdc74e94a91ce3568334508d74a7cb1c5bc
S000543,*Nc1ccc(Cc2ccc(NC(=O)c3ccc(C(*)=O)cc3)cc2)cc1,7f1b75f6ba313f11d0845d00c2f387b46baab2379734f1ef895445b2e914b984
S000544,*CCCCCCCCCNC(=O)CCCCCCCC(=O)N*,492428d1f3b76be91688d1f4700b4dba748872944032c09669d72ebe5e2b081a
S000545,*CCCCCCCCNC(=O)CCCCCCC(=O)N*,2f8202b8b2972f3ff3e14258d3151a3c4602550462d5f0dcd09bccf6b05b21dd
S000546,*CC(=O)N*,a3e3c5aa140f14b44e23b26068a423caa50da23d6ea6b85acf5aca0099f6d972
S000547,*NC(CCC(=O)OC)C(*)=O,251104a668d8810413e03b78714dd90d4c1d5129a948a3143d24d2bfa518ddac
S000548,*C(=O)CCCCCCCCC(=O)N1CCN(*)CC1,11095ddf156f88063bcee48e77f73237620f970da1c1641432ee541303df2195
S000549,*CCCCCCCCCCN1CCN(C(=O)CCCCCCCCC(=O)N2CCN(*)CC2)CC1,a36af54e0e32e432cbc78ad074b4cbb0e019f67a1c9fc62248e479322a0c237d
S000550,*CCCCCCCCCCNC(=O)CCCCCCCC(=O)N*,1f36bcce59f252da2bd938b5f5dedfca8a6d47d8e95a83b76e700df399179b8c
S000551,*C(=O)N(*)CCCC,9864a09e2640cb306a3e29bb46adce6de1c147fe49b0291f03d39b0d3d140601
S000552,*CC(C)(C)C(=O)N*,0cc75212e60946e276a398ec17de096c20005e44e0efb66b7e4d1ed8054dbc19
S000553,*NC(C)CC(*)=O,b3c78c9f31951206ea5676849f4b4148f87eb32a992a63ffbaa2503d353ad633
S000554,*CCCC(=O)N*,97fac067fdc0aa553d29f6bb8cc85c837a085c86a869e32cde1aff2756a74945
S000555,*CCCC(C)CC(=O)N*,4a0846ebc03ea22e1ba7fc55ea158918681721c5e380e0e6939990b6a4b5c2bd
S000556,*CCCCC(=O)N*,163be415a67f226fe04b24f48f90bf7a2d62fe21d20b8f4623dd04ea9780f282
S000557,*CNC(=O)CCCCC(=O)N*,3089967438bba1774e1eb1356cbcf77070113353df5670a7798df890d512cb0a
S000558,*CNC(=O)CCCCCCCCC(=O)N*,29dd9098f44c5c61cedf7b4f720000d7d9cafbb4a1303fef00c840957dbb5297
S000559,*CCCCNC(=O)CCC(=O)N*,aa460ff44ea1599733c6e93c1b4da102885107411aa8026cc4261458a80131c5
S000560,*CCCCNC(=O)CCCCCCC(=O)N*,9d2e8ea1f36cb1cbb2299d50400b015e33c0c8d64c14a9f95a261777c87e3959
S000561,*CCCCNC(=O)CCCCCCCC(=O)N*,0405dd2fffeba7df04a7ed27cb41769e8584a07fb7e2d0e76d2ea9d3e35f32a0
S000562,*CCCCNC(=O)CCCCCCCCC(=O)N*,ae421e2385b922e1126ea0ba835b6fc8e6fbc17825fdc25d538c4f1aa79fe7cc
S000563,*CCCCCNC(=O)CC(=O)N*,1ff4aa3f1380e240f7f78356c249b31ee7dc47610f452d38212f2aadbc935b9d
S000564,*CCCCCNC(=O)CCCC(=O)N*,e7762d99d91663075327bd461eda524d9d9d3a4f2379e96fabec91caa57eec0c
S000565,*CCCCCNC(=O)CCCCCC(=O)N*,aa410af8acf82d5a601b2fd1ffc697a36968654948489a35fa2a731b910ddc3b
S000566,*CCCCCCNC(=O)CCCC(=O)N*,8a1284f1d96db63ac3e23070e10f7d9a729b7cb115c4c682d67487bd97426d06
S000567,*CCCCCCNC(=O)CCCCCCCCCCCCCCCCC(=O)N*,5f7fce855a0f33d434c4a2fce1fa841251af95aed5e446e634c94138cdd334f5
S000568,*CCCCCCCNC(=O)CCCCCCCC(=O)N*,e6d7a200131a8ffb9109e20faa78d94691af580c8f029a0df00f11ba90d53c23
S000569,*CCCCCCCNC(=O)CCCCCCCCC(=O)N*,0ed5319d284cd59b1490ad5822bb7cc4d89a3993f701af6f61f86e27ed263a2a
S000570,*CCCCCCCCNC(=O)CCCCCCCC(=O)N*,2426c60b61cd6591bf78db3025d713c7040b48e0298700e361da8bf9600f9d02
S000571,*CCCCCCCCNC(=O)CCCCCCCCCCCCCCCCC(=O)N*,266b587d3ff443092c124d9bd87557cf3fa9da873d3edd98272fa9d4381710a6
S000572,*CCCCCCCCCCNC(=O)CCCCCCCCCCCCCCCCC(=O)N*,cd769779d0549ea713e182e989a21b2e6f6bf43fc3219a37432507d044c8d002
S000573,*CCCCCCCCCCNC(=O)CCCCCCCCCCCCCCCCCCCCC(=O)N*,f059acea84549e6789ff1b84ddc3c95bc5e95b4748e4b9e07f9a1e3a565c43e7
S000574,*CCCCCCCCCCCNC(=O)CCCCC(=O)N*,888c4c816668459253a0a084e27c94c3bd00a0042674524a00d7d40cd1cd9a06
S000575,*CCCCCCCCCCCCNC(=O)CCCCCCCCC(=O)N*,e03385cb710d8bbc9e885f83f63993501e2bca50e1757839a340e80e776341bb
S000576,*CCCCCCCCCCCCNC(=O)CCCCCCCCCCC(=O)N*,35831f4bc44b25cc122043b27a5e8a691d2749fb21600f7f6f48e62b839b0d32
S000577,*CCCCCCCCCCCCNC(=O)CCCCCCCCCCCCCCCCCCCCC(=O)N*,8cd00ace4d937adbf5ce7f7432b476c3409d2f69a3bb4d0e5ffab75f53989ba8
S000578,*CCCCCCCCCCCCCCNC(=O)CCCCCCCCC(=O)N*,9a61ba9486f33663af1984e6ad1b2638cfbaae2f27814097bd10e9df7071603d
S000579,*CCCCCCCCCCCCCCNC(=O)CCCCCCCCCCC(=O)N*,42073dfd2a750d01c5bdcb8a87fe8b5b0aa3152cf75baca06835fa045c2db664
S000580,*CCCCCCCCCCCCCCNC(=O)CCCCCCCCCCCCCCCCCCCCC(=O)N*,1634c515cbe747d41b1b55f68d67b6cb86b1eb2d14ff80902446c69e4969aa5d
S000581,*CCCCCCCCCCCCCCCCCCNC(=O)CCCCCCCCC(=O)N*,0c067f6ef4ed250b7e734a4ed5c6bff353148cfc78f51b06dbbec60b2b04cdb2
S000582,*CCCCCCCCCCCCCCCCCCNC(=O)CCCCCCCCCCC(=O)N*,143430a6b598cd2acb51e1e56286a0167fe5c7f5592388a583035c7b39354d76
S000583,*CCCCCCCCCCCCCCCCCCNC(=O)CCCCCCCCCCCCCCCCCCCCC(=O)N*,b75159fae4e36356d8b0e388af15d2178abcf718748c879604da6d5f34d80c04
S000584,*Nc1ccc(C(*)=O)cc1,831f8cb0b10284901f613b08be70817fdc258415dc01f89dd47b2ceb6e0b8f59
S000585,*CCCCCCNC(=O)CCC(=O)N*,016573521b30e500fea936e13401964e8d396b82ecf00ec81f7c9f9928aa88c2
S000586,*CCCCCCNC(=O)Cc1ccc(CC(=O)N*)cc1,93ecaa006fbce2a0d94d1a17e9df281cb264ccf9223e27fdca2e16f8eb37500b
S000587,*CCCCCCCCNC(=O)CCc1ccc(CCC(=O)N*)cc1,949bb4fabe18a6e8ff27008f46b042da343bc922729b9896155d56de9accf68a
S000588,*CCCCCCCCCCNC(=O)Cc1ccc(CC(=O)N*)cc1,0c1426a0fd10fcdb29630ef8cd8221a02cb1b23180f308818790e0f46647d785
S000589,*CCCCCCCCCCNC(=O)CCc1ccc(CCC(=O)N*)cc1,c4f699d7c94bd51c21f670d8559bff13cf9865759d1612edd3db532de26bbe80
S000590,*CCCCCCCCCCCCNC(=O)Cc1ccc(CC(=O)N*)cc1,cc7b98b569b5ac801aa9b4af87e45c597a0372545ed595b04235f17548515834
S000591,*CCCCCCCCCCCCCCNC(=O)c1ccc(C(=O)N*)cc1,b12a43f39e15d42d6042ebe163f9172caea4a0c7d96e2b701d38397f30bb9bcc
S000592,*CCCCCCCCCCCCCCNC(=O)Cc1ccc(CC(=O)N*)cc1,a3ee7ca667a6a3c4a1c1a15d441d279582f5fc10aa483ba644fafd0f2eb546a7
S000593,*CCCCCCCCCCCCCCNC(=O)CCc1ccc(CCC(=O)N*)cc1,08b777809809394dbba989306cab213af0ed977bf3f75c6d9616ed509707bc25
S000594,*CCCCCCCCCCCCCCCCCCNC(=O)c1ccc(C(=O)N*)cc1,1aef0cd3f51f92654b96b5e96eff6c5d8058532f43f9d519563a3b71a0aa0b50
S000595,*CC1CCC(CNC(=O)CCCCC(=O)N*)CC1,6659f26fc9eb734d0970c8fd4243562558075e3145ecb5283be4a3296fc73212
S000596,*Cc1ccc(CNC(=O)CCCCCCCC(=O)N*)cc1,d02c426057b581bc4ba51838d5a0278686f17a80ab5a4a10bd50932f7d6a4730
S000597,*CCc1ccc(CCNC(=O)CCCCCCCC(=O)N*)cc1,e35fb2abcdeec6398e324728f6d4fd92976910cbc08d7128c55ec691394681cd
S000598,*CCc1ccc(CCNC(=O)CCCCCCCCCCC(=O)N*)cc1,14267ada4dbb2cd90f9376d9e797c8cf848bef2499edb789b27a32eb253c8dea
S000599,*CCc1ccc(CCNC(=O)CCCCCCCCCCCC(=O)N*)cc1,525c2900e434ffbab17ea077838b540f594a532549e2bfefbf96721bbf045d00
S000600,*Cc1ccc(CNC(=O)CCCCCCCCCCCCC(=O)N*)cc1,757f45167f73a412f4b5bb902edcf17c3707d33743f5faab178850b8af084de3
S000601,*CCc1ccc(CCNC(=O)CCCCCCCCCCCCCCCCCCCCC(=O)N*)cc1,827528365be48d577ba0fcc5d7dd75e3d5596460d8805df62520553bc22ff741
S000602,*CCCCCCCCCCC(=O)N(*)C,1b9ac346ea37aec994b791866f5734dce595380e43077ccb6a1b01ca7a595577
S000603,*C(=O)C1CC(O)CN1*,2c31a139ca56fe3ac3594392467af39980a140221917aef0d4ed083e9823e701
S000604,*C(=O)C1CCCN1*,4ddf9aa8f5b95ba63c6b4ef39b4498c7ebb5899bc065a8f8a4f978d433589e1a
S000605,*NC(CCCNC(=O)OCc1ccccc1)C(*)=O,7d732fc16af9d3639fc4fa75080f03b0577c56cbddda2a9319a8e14d7d287aee
S000606,*NC(CCCCN)C(*)=O,ee2779025f3085cac971785d194f48c8166c2851f072295bbfdb123902701793
S000607,*C(=O)CNC(=O)C1CCCN1C(=O)C1CCCN1*,141c22e4589ba928828c75d41538a4087598625f57ba4f6930325d409da1b617
S000608,*C(=O)CNC(=O)CNC(=O)C1CCCN1*,d330f579bac8a463e304cf88f5297cb65a7213020dde83b73a7a5a6c7d0718a1
S000609,*NC(CCC(=O)OCc1ccccc1)C(*)=O,4db846de8c049435c276ce2dddfc4e14614d81f01b1a380da68d9ecf586bf968
S000610,*NC(CCC(=O)O)C(*)=O,d343f918251d5f2c27bad3444567bc4ac4e651d08cc0c9694fba06ecffa6122d
S000611,*NC(CCNC(=O)OCc1ccccc1)C(*)=O,3c84663b38c09f6d9ff1be564e91b515df20a417002555eeee6c93d3739949e0
S000612,*NC(CC(=O)OCCC)C(*)=O,55ab7b86a2f55fe2bafed10938e3bf501db6cedeae10722b20f99841724865f5
S000613,*NC(CC(=O)OCc1ccc(Cl)cc1)C(*)=O,0a436da501345d4f50b011f14fa1c49d5ce2c46c9388cb351b9bd1a1e0edf1d1
S000614,*C(=O)C(C)NC(=O)CNC(=O)C1CCCN1*,20400ad56b1b548635b9100792fdcc06bac21278a4300537106878872061f305
S000615,*NC(C)C(*)=O,52c927adecf9fe88895bf3dce3d1ef8ff844d7df7d831cbbe0956c825828c4aa
S000616,*C(=O)NCCCCCCNC(=O)c1ccc(*)nc1,a9a187dc1d0a74bb9b106cfbb69cf439af48274a62fa980010bf9024e9f4f5d4
S000617,*CCCCCCNC(=O)C(=O)N*,459652285f33e1f50ac800456d240526b0f78857538cfb42f9e4722ad9c43494
S000618,*c1ccc(C(=O)Nc2ccc(NC(=O)c3ccc(C4(*)OC(=O)c5ccccc54)cc3)cc2)cc1,56f7665b373600da6d8606c5c2767e3c3dcc9fc36b3d5fd21086f2059d2a1ea0
S000619,*c1ccc(C(=O)Nc2ccc(-c3ccc(NC(=O)c4ccc(C5(*)OC(=O)c6ccccc65)cc4)cc3)cc2)cc1,74e9553e4a05f9e25faf55553992f34c7e254f775ea1294c6f1ca919f0268f11
S000620,*c1ccc(NC(=O)c2ccc(C3(c4ccc(C(=O)Nc5ccc(C6(*)OC(=O)c7ccccc76)cc5)cc4)OC(=O)c4ccccc43)cc2)cc1,824a6cf6c55edc3235f97d31d6723b15e76a16f7c2c3678af9ce8711b6f6c0e2
S000621,*c1ccc(NC(=O)c2ccc(C3(c4ccc(C(=O)Nc5ccc(C6(*)NC(=O)c7ccccc76)cc5)cc4)OC(=O)c4ccccc43)cc2)cc1,a5b6a66079ad0f41ffee3ad9a94da22eebf0e98db41b61c80c9f327d6c44752c
S000622,*NC(C)C(=O)NC(C)C(=O)NC(C)C(=O)NC(C(*)=O)C(C)C,609ce2f761f92fdfd9253c36fc55b03ac0a9b3fc3c98001c2f0fc1c861e2188b
S000623,*NC(C)C(=O)NC(C)C(=O)NC(C(=O)NC(C(*)=O)C(C)C)C(C)C,a21f40176c3396fa1946154a32196cd1e89e719181b5445969d270aabc7c5a1e
S000624,*NC(C)C(=O)NCCCC(*)=O,501bb48d1ddc65a8158f71a3153abb8f463872b579cb4c92f20925252a9a3804
S000625,*NC(C)C(=O)NCCCCCC(*)=O,c76df76e4c2d523d2d89302236751dc069693529d053cdc6ae00c57735a8705d
S000626,*NC(C)C(=O)NCCC(*)=O,f7c4662020302b9f35fbe98e3ab588db78b157a84edee3432caaabf4b42c5815
S000627,*NC(C)C(=O)NCCCCC(*)=O,b82d63265e65b67104c7b9e470e20b322a93813fa17da460b620472e32d11b02
S000628,*NC(C)C(=O)NC(C(*)=O)C(C)C,dd8e850c131d501fb7fa3efce20c87583c31a62ac55b78aea7e71ff82653bafb
S000629,*NC(CCC(=O)NCCCCO)C(*)=O,b58f00fafb22a4b76d7f5715c2c34b954dd8fc8dafe9ca8ac3922dc5f1717050
S000630,*NC(CCC(=O)NCCO)C(*)=O,651d2c3098097290c7183432d540beaa5464f1ae1da4437dfcb0f44787daf185
S000631,*NC(CCC(=O)NCCCO)C(*)=O,0a07033ea3a44dbc6ee20e7d90d7768876329e0139b0de1e3950c632d289caac
S000632,*CCC(=O)NCC(=O)N*,ed28c8a11e089176d4b1b93cd5eafbd7628bd95604dda03d7f09f5db326c408d
S000633,*CCC(=O)NCCC(=O)NCC(=O)N*,ab8684ebed1af4d4b57f58ec6aa445442310833218a579925dfcce36cfc53d76
S000634,*C(=O)C(NC(=O)C1CCCN1C(=O)C1CCCN1*)c1ccccc1,9dac3108260e5c6b16c7f24fe7c9fd84d388b6402b7721960654d26cce27b0d3
S000635,*NC(C(*)=O)C(Cc1ccccc1)c1c[nH]cn1,bfeb7345dd9fd35b873d69e7c67c23e39a4375cd26593451a81a165d5cf9735d
S000636,*NC(CC(C)C)C(*)=O,18603466351cc041fccd8eb8dc79f371b61290ab8df0fcad705402d1b2e25edd
S000637,*NC(CCSC)C(*)=O,d02efbfce91ecd385305ad2eb3c8e4552881f311714f76c68fb57a6fd82f1bb9
S000638,*NC(Cc1ccc(OC(=O)OCc2ccccc2)cc1)C(*)=O,3c3b7d8abb6d73eb771d0d51349c111cd38a097668f23cfca8796d455eb1935a
S000639,*NC(C(*)=O)C(C)C,77f8919afe5ab05a095ed7c858af4d5718e20dffcd52297c2abad8ee823889cf
S000640,*NC1CCCC1C(*)=O,f392d2b773c3f6e35d9d5922d4b120996f6341deb8082beb1deb4971902899fb
S000641,*CC(C)(CCCC)C(=O)N*,1116188710e45668f74007ce72f63ebeae7a4a437c1e4ed5e008a524adf0cb19
S000642,*CC(C)(CC)C(=O)N*,25267f9bf181be18adfeac1f1be97d4a5f494707cce99d2441de262e28360149
S000643,*CC(C)(CCC)C(=O)N*,fd1b64fe931243b61be3964bfde62957a2a7f8fd65c70b446ed46c4ddb7b00d8
S000644,*C(=O)NC1CCCC(*)O1,7ba927f38a2c2621774882370fe206cfbb0d417cd953e4a692b4ca5c124e6b32
S000645,*CC1CCCC(CNC(=O)CCCCC(=O)N*)C1,a6c25b3987f1afa95e182bf3070b00d57c9ec3b1a0b53bc2f94284d94122b125
S000646,*CC1CCCC(CNC(=O)CCCCCCCCCCC(=O)N*)C1,1a2b1472433f4411078b3d8123859ee531da0ec695260ed00d46c344d208244a
S000647,*CC1CCCC(CNC(=O)CCCCCCC(=O)N*)C1,3704047858ef816ed9e5c6271046bc8d0fc8bb87e37c873002e7a1bbc2087441
S000648,*CCCCCCCNC(=O)CCCCCCC(=O)N*,fa5589b7f0141115439ee391193222bf381e26e6da808268b4a1c3de0b7e2c2f
S000649,*NC1CCC(CC2CCC(NC(=O)CCCCCCCCCCCCC(*)=O)CC2)CC1,396a339c8ad2afc888e2821520ea4941f0049e660ea8661d44dd71ecc120afb5
S000650,*CNC(=O)CC(=O)N*,b5873237fd1d2d3c557aa01f7ee37d0206a277ee1a4a262c32e5a63a1e23b789
S000651,*NC(CC(=O)OCc1ccccc1)C(*)=O,dc13367d1243f3e0518f1c8100c2cc24cf55b5d8c9bb75ac607d857dac92b606
S000652,*NC(CC(=O)OCCc1ccccc1)C(*)=O,6977b478e289a9dc3aab3c7f13f3585f0b031374cbe4c0f86d6a498412443e74
S000653,*NC(CCC(=O)OCCCCC)C(*)=O,81bc5f86fe9e59497a7aee0b522dad7d2a61299022c55c314d40c467d3ef68e6
S000654,*NC(CCC(=O)OCCCC)C(*)=O,01362d8353c7b17855251dfe256c05c8174b7f0a2c5fbb8d2ad1b5a56de03dfc
S000655,*NC(CCC(=O)OCc1ccc(Cl)cc1)C(*)=O,6eab163ea2d16af2d153ba664fb290668517f98ce748f01ef84963a92d8b238e
S000656,*NC(CCC(=O)OCc1cccc(Cl)c1)C(*)=O,d456237d32c017e0d5ffe7549e63da6a228a517edbf714690261c72a90615262
S000657,*NC(CCC(=O)OCc1ccccc1Cl)C(*)=O,2550dce135810c5af3ef20b42e889d2fc3a703de9cbad65677665861e8a5ffd1
S000658,*NC(CCC(=O)OCCCCCC)C(*)=O,8c9df62cab9640b1d7c94c53bdaffb2d9a0b1bff9ee2ed9025a9a96453c13a5f
S000659,*NC(CCC(=O)OCCc1ccccc1)C(*)=O,2ea9dcd45616be7ff1bf1cad2441ccf21a3d3b151b71e46057001b170af9b67c
S000660,*NC(CCC(=O)OCC)C(*)=O,f2331c0d9ff9fb001c963c60f6b82cdf41e130cef975ca0534cd2d8680df4755
S000661,*NC(CCC(=O)OCCCCCCCC)C(*)=O,b6b0d0fcb7b9f055ca7bd837bf4d10c1a49dc00d659523acdefff0d53a5ac674
S000662,*NC(CCC(=O)OCCC)C(*)=O,3f664c1d7b67172cc96ad44999537bc2f2180a590581dba541bdd36ae5fad55c
S000663,*NC(CCC(=O)OCCCc1ccccc1)C(*)=O,3111a2468acfc6160ff4d3c32317026d5808b93cfe3d1a46adf36821f1fb0078
S000664,*NC(C)CCCCC(*)=O,0f3f89fcbaf51a1d8213530969c9dde653ec279b863517c06ea579b30098654a
S000665,*CCCCCCCCCCNC(=O)C(CCCCCCCCCCCC)C(=O)N*,611425d0e75b3dd170cfdd829c5ad6ccb9768764605f134de2ff258f7a64218f
S000666,*CCCCCCNC(=O)CCCCCCCCCCCCCCCCCCCCC(=O)N*,f870b14ecf265c59bd5cadc2d287a54c50c45b5e7c0f1ef97bd5266cee30f906
S000667,*CCCCCCNC(=O)C(CCCC)C(=O)N*,223f43a98d456d6a5686ad952757e922989d71ae0b29f85ff8e88267ae81b28a
S000668,*CCCCCCNC(=O)C(CCCCCCCCCC)C(=O)N*,24484e8354b73be93445f89fdff52494945cb0a88bcaf6a98db8b20a5fcccc06
S000669,*CCCCCCNC(=O)C(CCCCCCCCCCCC)C(=O)N*,76336ecca587b24c26a6b5e346c7e2bc55bebd7a3dbd3de231adb930bcd6dbad
S000670,*CCCCCCNC(=O)C(CCCCCCCCCCCCCCCCC)C(=O)N*,890ad74dcb03f74569088d9b8e01e6b80b3b86ae0eb50b8c1de84b35176b0729
S000671,*CCCCCCNC(=O)C(CCCCCCC)C(=O)N*,e9ecb8785a7af61012f4e1e56792e2ff91a27a4e1f6a83aa314d23f3d4e0b5d3
S000672,*CCCCCCNC(=O)C(CCCCCCCCCCCCCCCC)C(=O)N*,e7267e33ce5f7da7ba21351792a4ca3bf3e6e80535c451782a4749e6c584939e
S000673,*CCCCCCNC(=O)C(CCCCCC)C(=O)N*,b56eaef0fed94a62902cb0937b787f54ebe206ac7a31231bf9d5cfdf8e20900b
S000674,*CCCCCCNC(=O)C(CCCCCCCCC)C(=O)N*,41e685d7442e4b015fcc403d3425add05b5eeb134c720b6fc1704289c5b88177
S000675,*CCCCCCNC(=O)C(CCCCCCCCCCCCCCCCCC)C(=O)N*,13daad3d0297aeaa5d0c5c49003a7b44e0e6c39760919991670ff34f807c5a22
S000676,*CCCCCCNC(=O)C(CCCCCCCC)C(=O)N*,1bc7ea5ce6d1a0286e7316f2c46c60e2bb5564ead97425a8930b9b338695b61a
S000677,*CCCCCCNC(=O)C(CCCCCCCCCCCCCCC)C(=O)N*,bab3bbd0f3cacc6ff9abcee7d79150dfa58823743f5518f08b9356debc78c114
S000678,*CCCCCCNC(=O)C(CCCCC)C(=O)N*,c9224780b4f1d79bf7280995dcf93ad1137364d7a9ccb8b502da92261362b5d3
S000679,*CCCCCCNC(=O)C(CCC)C(=O)N*,08bce2a8e73b30ea23b420b1990c01a28248ada99cfd7e5b77399ad03c99d176
S000680,*CCCCCCNC(=O)C(CCCCCCCCCCCCCC)C(=O)N*,664fe2dc2468bdeeee18dab280ba7a093674255065812cae149d9df59ad2efd6
S000681,*CCCCCCNC(=O)C(CCCCCCCCCCCCC)C(=O)N*,8379507c83e0e158cdb58d40fc6e8c3f381dccfea0b34c9935151b09510b2f3b
S000682,*CCCCCCNC(=O)C(CCCCCCCCCCC)C(=O)N*,21312f00e29ad0b074abf1ecb1c3676ad3e6ba961967d3ecf32ecee3533db9f3
S000683,*CCCCCCCCCNC(=O)C(CCCCCCCCCCCC)C(=O)N*,d05a748332e18ccccf5ce7639acc97b311e3943db791e6fd2bb24317a3e12922
S000684,*CCCCCCCCNC(=O)C(CCCCCCCCCCCC)C(=O)N*,b9f9aa300238dda3e8a927b0ce7584b529f7a608bac60dce378af8b8f86105a2
S000685,*CCCCCNC(=O)C(CCCCCCCCCCCC)C(=O)N*,6fd1982daf4546341e0bf58b9dda419d2bee4867ba311ff3f8d1ce6e5bcc6b9e
S000686,*CCc1ccc(CCNC(=O)CCCCCCCCCCCCCCCC(=O)N*)cc1,cdc0c93973544e5c0591d3b7c40f3fecd49356f8abc85bd2ae130e4dc929519e
S000687,*CCc1ccc(CCNC(=O)CCCCCCCCCCCCCC(=O)N*)cc1,0461d2b982a2af86f614d17d10f8bf4fe6a5f9d5070e1a49dc8adfab33a858fd
S000688,*CCCCNC(=O)C(CCCCCCCCCCCC)C(=O)N*,981185eef529f711c5e913be8d5d4f42d30ec26d47495c90b959672d1a6024ae
S000689,*Cc1ccc(CNC(=O)CCCCCCCCCCCCCCCCCCCCC(=O)N*)cc1,38438ebbd39aa7ed21807e9754022ff12582a89eb903c4e2c8fc177b46c1a306
S000690,*Cc1ccc(CNC(=O)CCCCCCCCCCCCCCCC(=O)N*)cc1,14d6af6c81c6b5cb98206926da5c49c13a981aac73e2e35e51a6d083f0133ccb
S000691,*Cc1ccc(CNC(=O)CCCCCCCCCCCCCCC(=O)N*)cc1,1f8e1d307422e228032497e4cc1a95d205c17b52390b7131a72407d2dcc6da7d
S000692,*NC(CCCCNC(=O)OCc1ccccc1)C(*)=O,838fe374286dd073ac078202203bef6a7c8ce184a4717d6c82c7ecc69d3fc5a7
S000693,*C(=O)C1C(c2ccccc2)C(C(=O)N2CCN(*)CC2)C1c1ccccc1,f7cae1eefa6df287ad246a96d956fb4893f7fb1211c819f557c198bf1d28b837
S000694,*NNC(=O)c1ccc(NC(=O)c2ccc(C(=O)Nc3ccc(C(=O)NNC(=O)c4ccc(C(*)=O)cc4)cc3)cc2)cc1,226562849b7c2716208ca3b7330d4b4657faec9de8ce910d2de5598c602f04d8
S000695,*CCCCCCCCCCCCCCCCCC(=O)N*,597c4c5a73a178289895284a1272a8127e65d498820ae3e7e7bdede9908a67ae
S000696,*CCCCCCCNC(=O)C(CCCCCCCCCCCC)C(=O)N*,802a429603ba0d5f8109ffba50748c3c448b6c50215607f6f423d2410a32423a
S000697,*NC(Cc1ccccc1)C(*)=O,83fd49f4c2d09e29ca3df2893cf0a00cd3eedd90728c39ea9596674b3efad940
S000698,*Nc1cccc(/C=C/C(=O)/C=C/c2cccc(NC(=O)CCCCC(*)=O)c2)c1,1b143c8b2fe8a1a07dcbc4e7843802d2cf95ce91a3081f1828c227d039376fb7
S000699,*Nc1ccc(NC(=O)c2cccc(C(=O)c3ccc(C(*)=O)cc3)c2)cc1,094af2e3de0ff94c6813a3eea55995bf8dbd55d8e9ad954f9afcaad0a334d7ef
S000700,*CCN(C)C(=O)CCCCCCCCC(=O)N(*)C,6804f7e5477330c265140f1db1c6fb6194751b459ef9f90c825659a6d7aa1519
S000701,*CCCCCCNC(=O)c1ccc(C2(C)CC(C)(C)c3ccc(C(=O)N*)cc32)cc1,9cab24854b9c5bed77ffac6cd9f5261f325010847127002424a0dc3a55d8135a
S000702,*CCOC(=O)NCCCCCCNC(=O)O*,b4beeb44a86c9506cb970bf986d729af9fa169c850dd06be0086602ee3147dee
S000703,*CCOC(=O)NCCCCCCCCCNC(=O)O*,8833a2c2fa8ab9f4a859d38ed8bdd78fc2b803b0e0bd667875905ee23545309f
S000704,*CCOC(=O)NCCCCCCCCCCNC(=O)O*,8109cf2f12b00f1f25a85016a16fbf0b54e5463564de2efb470b88532d628746
S000705,*CCCOC(=O)NCCCCCCNC(=O)O*,d6216fd4ba1cc2913e07d0d3ad8139e3a20e203f3180de9e77b80451d452f08c
S000706,*CCCCOC(=O)NCCCNC(=O)O*,6f45cb6d3810bed28f0c35967020a0a0c3bf5fa1f9ae5babcdf6d0a390a55dbf
S000707,*CCCCOC(=O)NCCCCCCNC(=O)O*,7e687321265ff7ef0237de0a1d7e99c64ff3c1e9760cb403894b2d7496e7125b
S000708,*CCCCCOC(=O)NCCCCCCNC(=O)O*,b74f6e976b011492f097b8fb520c51df7a7c8ddc53d8bc3d79f26f6bcbe94a6b
S000709,*CCCCCCOC(=O)NCCCNC(=O)O*,72e380993c9a8209b5974c14045ad023d292760bd58e9146f0660b290f820a71
S000710,*CCCCCCOC(=O)NCCCCCCNC(=O)O*,00103ca9dbd594ed09e8bb4b08746e6dad43720caddf73973f3692847d84cc3f
S000711,*CCOC(=O)Nc1ccc(Cc2ccc(NC(=O)O*)cc2)cc1,ca745c5492ccb5eba6b34fd3a73afafb405bd4440719071a9565c4298487340c
S000712,*CCCCOC(=O)Nc1ccc(Cc2ccc(NC(=O)O*)cc2)cc1,e16b53ef15bf0068bf5250104d122e35538771aba02041950399486a69f6e434
S000713,*CCCCCCOC(=O)Nc1ccc(Cc2ccc(NC(=O)O*)cc2)cc1,3b269a335a94cf616e9ef37119ef0f5443b5ad2f3aaac4d2d978a0ea921e6e19
S000714,*CCOC(=O)Nc1ccc(CCc2ccc(NC(=O)O*)cc2)cc1,733fd8b125ed5c238b50a3ade2a58ca5c5893d8f9e12a6d4f4fc215147f02534
S000715,*C(=O)OCCOC(=O)N1CCN(*)CC1,e0b13edcad7e8547db503d397e3ac8eb2e7a1a4ef985917f11a54d4eead6c173
S000716,*OC1CCC(OC(=O)Nc2ccc(Cc3ccc(NC(*)=O)cc3)cc2)CC1,9773429a53b5d41b7221ffedccecc8229b7ab09d4e683e06f10ff034d04acf66
S000717,*CC1CCC(COC(=O)Nc2ccc(Cc3ccc(NC(=O)O*)cc3)cc2)CC1,2af3dc19d24fa174e07c951fb1d75cc4bdaa26d8fb439384c8e8b3dae3f610d5
S000718,*CCCCCCOC(=O)NCCCCNC(=O)O*,67d26845016a079526c8692a5565871e69c08a4cb66f1528b0a6b8d9be9cf502
S000719,*CCCCCCCCCCCCCNC(=O)CCCCCCCCCCCC(=O)N*,b3801febedd96b9e0c3e1f9bd21e011ff8c191b285b1daee8f87e451d16565c6
S000720,*Nc1ccc(Cc2ccc(NC(*)=O)cc2)cc1,e8122790b0c32e8c6d5b9a547d4d3ce2df768b22dc94c2270ab9a284ba4e5535
S000721,*CCCC1CC(=O)N(*)C(=O)C1,e92a53d52316965118fc2e4a557fc45c95b23386f87898fbfbf73abb8a149b65
S000722,*c1ccc(Oc2ccc(-n3c(=O)c4cc5c(=O)n(*)c(=O)c5cc4c3=O)cc2)cc1,6280cec63918e2b0a8e8e8823dea6e875824d5b7080c79ac26167e72ebe9cea9
S000723,*c1ccc(Oc2ccc(Oc3ccc(-n4c(=O)c5cc6c(=O)n(*)c(=O)c6cc5c4=O)cc3)cc2)cc1,5b06e1ffe30bce607da5f4799eb808f21d44bbce15dfa48ba29ec8410dc795e0
S000724,*C(=O)Oc1ccc(OC(=O)c2ccc3c(c2)C(=O)N(c2ccc(Oc4ccc(N5C(=O)c6ccc(*)cc6C5=O)cc4)cc2)C3=O)cc1,8e5cc63235b8b4c950daccd61c9a0c125b796e05bd997bf98ba793825970cc76
S000725,*C(=O)Oc1ccc(OC(=O)c2ccc3c(c2)C(=O)N(c2ccc(Oc4ccc(Oc5ccc(N6C(=O)c7ccc(*)cc7C6=O)cc5)cc4)cc2)C3=O)cc1,82e339f476091c87c49589c45cc24cb1391cbf28838014953774895bedc93952
S000726,*c1ccc(Sc2ccc(-n3c(=O)c4cc5c(=O)n(*)c(=O)c5cc4c3=O)cc2)cc1,2258209302e77b578f8990c168d58ca5fbbcdac9f17428b41af5697572afd9f6
S000727,*c1ccc2c(c1)Cc1cc(-n3c(=O)c4cc5c(=O)n(*)c(=O)c5cc4c3=O)ccc1-2,47fae6b9dc6e8f7ce2af32f8857944099aed293a6fd1af1983ece8cad3db0be8
S000728,*c1ccc(Oc2ccc(N3C(=O)c4ccc(Oc5ccc6c(c5)C(=O)N(*)C6=O)cc4C3=O)cc2)cc1,1050d67cda8a15346433a9dcc45784b9676f54fd5ea7faccf594e7e72a0ec815
S000729,*c1ccc2c(c1)C(=O)N(c1ccc(Cc3ccc(N4C(=O)c5ccc(C(F)(F)C(F)(F)C(*)(F)F)cc5C4=O)cc3)cc1)C2=O,884087d25ee837c3645bc74fbd92ca1b0166c1d3f36bd7e962ec3c045c7cde25
S000730,*c1ccc2c(c1)C(=O)N(c1ccc(Oc3ccc(N4C(=O)c5ccc(C(F)(F)C(F)(F)C(*)(F)F)cc5C4=O)cc3)cc1)C2=O,928b4043dca9cee844b87e565bba82f050d570709200dee15518f283c0135558
S000731,*CCCCCCCCCCCCn1c(=O)c2cc3c(=O)n(*)c(=O)c3cc2c1=O,c18f2d82f70bc1c8b2cca3ce3ab0ae6a942db9f98351286278bc915f74b65cd1
S000732,*c1ccc(Cc2ccc(-n3c(=O)c4cc5c(=O)n(*)c(=O)c5cc4c3=O)cc2)cc1,4f8138a2b16a4d47d0d32d3ee2eda702bb02cf5751a192225572554abab93f6a
S000733,*c1ccc(C(=O)c2ccc(-n3c(=O)c4cc5c(=O)n(*)c(=O)c5cc4c3=O)cc2)cc1,bd71907db1699627eef78ad2d4fded7acc1ab971e606de66a4d249914430fb80
S000734,*c1ccc(-c2ccc(-c3ccc(-n4c(=O)c5cc6c(=O)n(*)c(=O)c6cc5c4=O)cc3)cc2)cc1,abb0af311d9c1b896ae674533394f43edf7e8499750a51ccea5dc8a0f1a32bfa
S000735,*c1ccc(Cc2ccc(-n3c(=O)c4cc5c(=O)n(*)c(=O)c5cc4c3=O)c(C)c2)cc1C,8ef9f0688eebd05fcfc0c0353ee4e8c239d007a484f9dafe7f737bff2cd4d60d
S000736,*c1ccc(-n2c(=O)c3cc4c(=O)n(*)c(=O)c4cc3c2=O)cc1,d818d59c72454eb994eefe88c9226cde15fa68427c7b0943450714f7aae049e9
S000737,*c1ccc(-c2ccc(-n3c(=O)c4cc5c(=O)n(*)c(=O)c5cc4c3=O)cc2)cc1,8e4575a6907a4654820fdbf96367e62d5f5cfb449d30bdfe5743afc2dcab64dc
S000738,*c1ccc(-c2ccc(-n3c(=O)c4cc5c(=O)n(*)c(=O)c5cc4c3=O)c(C)c2)cc1C,7e60c41d3fae82310ffd344908467f252d930abcd85f70f230bd37a72a7eb1f3
S000739,*c1cccc(-n2c(=O)c3cc4c(=O)n(*)c(=O)c4cc3c2=O)c1,82861428a07869e263171f758adc86ff9fe72efff108db912cede2a8e6c208a3
S000740,*c1ccc(-n2c(=O)c3cc4c(=O)n(*)c(=O)c4cc3c2=O)c(C)c1,f8ea77c3c1f0a47745fb4c7f07a79e881f9dffcd549f7c30d116c3d75c258af9
S000741,*c1c(C)c(C)c(-n2c(=O)c3cc4c(=O)n(*)c(=O)c4cc3c2=O)c(C)c1C,c08a38d66bcfa9c633e13139f8286afc4bf8760a195b31e39e0f6d1b8b124e3f
S000742,*c1ccc(Oc2ccc(Oc3ccc(Oc4ccc(Oc5ccc(-n6c(=O)c7cc8c(=O)n(*)c(=O)c8cc7c6=O)cc5)cc4)cc3)cc2)cc1,e258c9f10283639c54b719b64bb337617dcb9268a0700e678c3043e95faf0c33
S000743,*c1ccc(Oc2ccc(Oc3ccc(Oc4ccc(-n5c(=O)c6cc7c(=O)n(*)c(=O)c7cc6c5=O)cc4)cc3)cc2)cc1,ee32ee7c525f326c49178c27cba864cee7f4e119d993dc4f3dea0d75aa463df8
S000744,*c1ccc(Oc2cccc(Oc3ccc(-n4c(=O)c5cc6c(=O)n(*)c(=O)c6cc5c4=O)cc3)c2)cc1,e4510806df27c9e9632146717cb9d7d0b01fd3e752c6ce8fa88ad1b7f75979d1
S000745,*c1ccc(Oc2ccc(-c3ccc(Oc4ccc(-n5c(=O)c6cc7c(=O)n(*)c(=O)c7cc6c5=O)cc4)cc3)cc2)cc1,46047fb554e9a40d33868ea97396b4a2c757eb89a9b0952480dc61ace7abfe43
S000746,*c1cccc(Oc2ccc(S(=O)(=O)c3ccc(Oc4cccc(-n5c(=O)c6cc7c(=O)n(*)c(=O)c7cc6c5=O)c4)cc3)cc2)c1,3c1e09eb2c03dec7045298becc8e40628279c7ff5312d4dfd3d7a71782ad9f0c
S000747,*c1ccc(Oc2ccc(C(c3ccc(Oc4ccc(-n5c(=O)c6cc7c(=O)n(*)c(=O)c7cc6c5=O)cc4)cc3)(C(F)(F)F)C(F)(F)F)cc2)cc1,8181c402ac664bc12c98308a4c8a3af4a4591e6a95060fa97be8a1941eeab1ac
S000748,*c1ccc(Oc2ccc(C(C)(C)c3ccc(Oc4ccc(-n5c(=O)c6cc7c(=O)n(*)c(=O)c7cc6c5=O)cc4)cc3)cc2)cc1,716464ccee7b2d9efcd487a38e3dc20d1cdf5abc24c4f21610ef807ffd928b67
S000749,*c1ccc(Oc2ccc(N3C(=O)c4ccc(-c5ccc6c(c5)C(=O)N(*)C6=O)cc4C3=O)cc2)cc1,fe2da7dac056900f00c55962d70ff20384f94e599510b91b6e397bf4206d7ba5
S000750,*c1ccc(Oc2ccc(N3C(=O)c4ccc(-c5cccc6c5C(=O)N(*)C6=O)cc4C3=O)cc2)cc1,5f5cefd179f5740af74ecb73eac7ac5760b9d2432c2928e504eb3bdd48272c89
S000751,*c1ccc(Sc2ccc(N3C(=O)c4ccc(-c5ccc6c(c5)C(=O)N(*)C6=O)cc4C3=O)cc2)cc1,1da15b3e00ee01d94295d52e007d7008a384354f36be191ed64b8902352591c1
S000752,*c1ccc(Cc2ccc(N3C(=O)c4ccc(-c5ccc6c(c5)C(=O)N(*)C6=O)cc4C3=O)cc2)cc1,905354cda1cdb8fb6581c1b8f11dd8b3319738922a736124c2d19cf3aaaba607
S000753,*c1ccc2c(c1)Cc1cc(N3C(=O)c4ccc(-c5ccc6c(c5)C(=O)N(*)C6=O)cc4C3=O)ccc1-2,76ed25e5683828162773af2a4830faadaf91ae2423742ef8cc5323a068a7ca44
S000754,*c1ccc(-c2ccc(N3C(=O)c4ccc(-c5ccc6c(c5)C(=O)N(*)C6=O)cc4C3=O)cc2)cc1,94f183bed84dfa3abb2ceaf7870e6d8ba382bd1e1cd162e622ac30083357b4b9
S000755,*c1ccc(N2C(=O)c3ccc(-c4ccc5c(c4)C(=O)N(*)C5=O)cc3C2=O)cc1,57ce0cbf062c9aaed980e8d8a4c8e836fe24552907a5d80c715e0f5051977765
S000756,*c1cccc(N2C(=O)c3ccc(-c4ccc5c(c4)C(=O)N(*)C5=O)cc3C2=O)c1,a73f90a590f4063cc13b63356af8720b1f88e3344551358b6fd837c46a6690db
S000757,*c1ccc(C)c(N2C(=O)c3ccc(-c4ccc5c(c4)C(=O)N(*)C5=O)cc3C2=O)c1,107c37b3968e1bc94336d16459eb13ed3669c358eda87a49df59dea4d7745d03
S000758,*c1ccc(N2C(=O)c3ccc(-c4ccc5c(c4)C(=O)N(*)C5=O)cc3C2=O)c(C)c1,70a18bcb54db82fdee12fe3ed12bf2b8dca09387a1bb446baafaa683b57d9358
S000759,*c1ccc(-c2ccc(N3C(=O)c4ccc(-c5ccc6c(c5)C(=O)N(*)C6=O)cc4C3=O)c(C)c2)cc1C,10b994c6dc34949e5d0d788fadadd639c995e5bb83624af6aaeaacaa0a43d3ab
S000760,*c1ccc(-c2ccc(-c3ccc(N4C(=O)c5ccc(-c6ccc7c(c6)C(=O)N(*)C7=O)cc5C4=O)cc3)cc2)cc1,11c9d176bfddc199f83668c0eb91fae58dd87efa3bf9e1c2cdd9a7b71b978613
S000761,*c1ccc(Cc2ccc(N3C(=O)c4ccc(-c5ccc6c(c5)C(=O)N(*)C6=O)cc4C3=O)c(C)c2)cc1C,0c89922f079476e454d81b0bbc553683631ecf6c275f40bb04e824ee6d3ca56a
S000762,*c1ccc(Oc2ccc(-c3ccc(Oc4ccc(N5C(=O)c6ccc(-c7ccc8c(c7)C(=O)N(*)C8=O)cc6C5=O)cc4)cc3)cc2)cc1,4a4a98dd4f8b0f1949a4231ee1496ed3c1e2ca806cf08478a975d91e90d72cae
S000763,*c1ccc(Oc2ccc(C(C)(C)c3ccc(Oc4ccc(N5C(=O)c6ccc(-c7ccc8c(c7)C(=O)N(*)C8=O)cc6C5=O)cc4)cc3)cc2)cc1,fcfde455187ed18cde7a1023f195cc85f8cf7680201603e7590efe715ab2f282
S000764,*c1ccc(Oc2ccc(C(c3ccc(Oc4ccc(N5C(=O)c6ccc(-c7ccc8c(c7)C(=O)N(*)C8=O)cc6C5=O)cc4)cc3)(C(F)(F)F)C(F)(F)F)cc2)cc1,185e7ee040e01484ba625b69eb43c8238197e3d3d6b29c93a342b6da116f4575
S000765,*c1cccc(Oc2ccc(S(=O)(=O)c3ccc(Oc4cccc(N5C(=O)c6ccc(-c7ccc8c(c7)C(=O)N(*)C8=O)cc6C5=O)c4)cc3)cc2)c1,ad64e44d9682d480313f82e27084e95b5a39d2f67a4def239ff4cefb97bed443
S000766,*CCCCN1C(=O)c2ccc(Oc3ccc4c(c3)C(=O)N(*)C4=O)cc2C1=O,bd4096a4afa8865d3f9953c37bb31ee09189a8c1f6321dbc771e3210738f9a35
S000767,*CCCCCCN1C(=O)c2ccc(Oc3ccc4c(c3)C(=O)N(*)C4=O)cc2C1=O,00d11d43e07aea2fca8d19912e4554c465e79c51ebf566a3d176408934dd572f
S000768,*CCCCCCCCN1C(=O)c2ccc(Oc3ccc4c(c3)C(=O)N(*)C4=O)cc2C1=O,12c4bc396f0be294b7b0f6a2683bfc3abdbf6ae9e4834eefd4c36def93374949
S000769,*c1ccc(N2C(=O)c3ccc(Oc4ccc5c(c4)C(=O)N(*)C5=O)cc3C2=O)cc1,284a4a9d214efcc967043276a64ffdba2383a31b2866fc38cc6d6ac8bc39586b
S000770,*c1ccc(-c2ccc(N3C(=O)c4ccc(Oc5ccc6c(c5)C(=O)N(*)C6=O)cc4C3=O)cc2)cc1,f27127adbc9ee79887553eeb4acecfb79da2184e4d20a684a54afad87700ee1a
S000771,*c1ccc(Oc2ccc(Oc3ccc(N4C(=O)c5ccc(Oc6ccc7c(c6)C(=O)N(*)C7=O)cc5C4=O)cc3)cc2)cc1,4a30991c7c3207013b2629738ddc389f849bcf38038d42e227017b4263bf3b20
S000772,*c1ccc2c(c1)C(=O)N(c1cccc(Oc3cccc(N4C(=O)c5ccc(C(*)(C(F)(F)F)C(F)(F)F)cc5C4=O)c3)c1)C2=O,ae5a0b0ebffa3ae0538968ca49b10a253a24a6bc4eb38b1e1f0623849a57c653
S000773,*c1ccc2c(c1)C(=O)N(c1cccc(Oc3ccc(N4C(=O)c5ccc(C(*)(C(F)(F)F)C(F)(F)F)cc5C4=O)cc3)c1)C2=O,05469a93bc7540555c6fc1de01af09f1dbf9c398479709391f4b0978cd69faa6
S000774,*c1ccc2c(c1)C(=O)N(c1ccc(Oc3ccc(N4C(=O)c5ccc(C(*)(C(F)(F)F)C(F)(F)F)cc5C4=O)cc3)cc1)C2=O,16b571ec899a492fc6c7238b036e91516f739555b8803b5657738bd42fe68d7d
S000775,*c1ccc2c(c1)C(=O)N(c1ccc(Oc3ccc(Oc4ccc(N5C(=O)c6ccc(C(*)(C(F)(F)F)C(F)(F)F)cc6C5=O)cc4)cc3)cc1)C2=O,f34b9d6dbafde9187c0f5a10f4ba87c89ba20d99f2024f23c0007ae4f751b240
S000776,*c1ccc2c(c1)C(=O)N(c1ccc(Oc3cccc(Oc4ccc(N5C(=O)c6ccc(C(*)(C(F)(F)F)C(F)(F)F)cc6C5=O)cc4)c3)cc1)C2=O,f14a6543de4b9ee51ec20ac1ffd48eb1016692786be7746442dea2ce86886d84
S000777,*c1ccc2c(c1)C(=O)N(c1cccc(Oc3cccc(Oc4cccc(N5C(=O)c6ccc(C(*)(C(F)(F)F)C(F)(F)F)cc6C5=O)c4)c3)c1)C2=O,6bc519713df58eb12bab84fef315f00fb2ac6741669c664c8df894ab6551189f
S000778,*C(=O)c1ccc2c(c1)C(=O)N(c1cccc(C(=O)c3cccc(N4C(=O)c5ccc(*)cc5C4=O)c3)c1)C2=O,0fa0d00d86999b1ef266d895c42cf07ed92ab3bbf856a8816b24db2c79117b32
S000779,*C(=O)c1ccc2c(c1)C(=O)N(c1ccc(Oc3ccc(C(=O)c4cccc(C(=O)c5ccc(Oc6ccc(N7C(=O)c8ccc(*)cc8C7=O)cc6)cc5)c4)cc3)cc1)C2=O,0cb6eafa7a72a50898cd82b7d514ef5ad38df59081a7d0073c2dbe04edc57d33
S000780,*C(=O)c1ccc2c(c1)C(=O)N(c1cccc(N3C(=O)c4ccc(*)cc4C3=O)c1)C2=O,95bb343036c473aecb33a7f280c8e0fe55f96a6a2017faebde9661b99d2dc018
S000781,*C(=O)c1ccc2c(c1)C(=O)N(c1ccc(C)c(N3C(=O)c4ccc(*)cc4C3=O)c1)C2=O,e421fe78c556b23e38b9de6bf5afd54fcbfdf78b0fd25640bf9faf4a9fa2554e
S000782,*C(=O)c1ccc2c(c1)C(=O)N(c1ccc(N3C(=O)c4ccc(*)cc4C3=O)c(C)c1)C2=O,ca73d0354536d0397189c301de4f358b3992e6862fee4cfcdec42bf639911d25
S000783,*C(=O)c1ccc2c(c1)C(=O)N(c1c(C)c(C)c(N3C(=O)c4ccc(*)cc4C3=O)c(C)c1C)C2=O,69edbe61cb0a8077b8bc588657cd09cad561dcda2b4b736833f81eed8bdecd35
S000784,*C(=O)c1ccc2c(c1)C(=O)N(c1ccc(-c3ccc(N4C(=O)c5ccc(*)cc5C4=O)c(C)c3)cc1C)C2=O,b663de021ace6545344ad535ec0386355586b6149641a4323a5f994ae842f2e1
S000785,*C(=O)c1ccc2c(c1)C(=O)N(c1ccc(-c3ccc(-c4ccc(N5C(=O)c6ccc(*)cc6C5=O)cc4)cc3)cc1)C2=O,a8e95ee334956bc5ed5d4c3239a819bddff1a0793735fc96b18762fbe6e3111c
S000786,*C(=O)c1ccc2c(c1)C(=O)N(c1ccc3c(c1)Cc1cc(N4C(=O)c5ccc(*)cc5C4=O)ccc1-3)C2=O,157493a757b4352d4d974ffe2bd932d9956c9c107caa668f1687396a962d4ccf
S000787,*C(=O)c1ccc2c(c1)C(=O)N(c1ccc(Oc3ccc(N4C(=O)c5ccc(*)cc5C4=O)cc3)cc1)C2=O,8d0b4d3173e79b440cf8270e2cde3207a1d81f6c27630cc5589ffc4340eac209
S000788,*C(=O)c1ccc2c(c1)C(=O)N(c1ccc(Sc3ccc(N4C(=O)c5ccc(*)cc5C4=O)cc3)cc1)C2=O,af265d369825a6f882f84a77934fe98bd4b4d9672012db45d21ee1e17b246a26
S000789,*C(=O)c1ccc2c(c1)C(=O)N(c1ccc(Cc3ccc(N4C(=O)c5ccc(*)cc5C4=O)cc3)cc1)C2=O,6ed3d28d1c95f6a96b0777046134c58fe3878a2288e5465b4fc88cedc5271f21
S000790,*C(=O)c1ccc2c(c1)C(=O)N(c1ccc(Cc3ccc(N4C(=O)c5ccc(*)cc5C4=O)c(C)c3)cc1C)C2=O,8a0769743eb3febaf77e214b5d3d573902c2a1e126c62bff573623ff09fb046c
S000791,*C(=O)c1ccc2c(c1)C(=O)N(c1ccc(-c3ccc(N4C(=O)c5ccc(*)cc5C4=O)cc3)cc1)C2=O,17e5794b4e8cf970c64170ec65ce4d201d6d7d9d4160f68e5f7c6a6019a3837a
S000792,*C(=O)c1ccc2c(c1)C(=O)N(c1ccc(N3C(=O)c4ccc(*)cc4C3=O)cc1)C2=O,8a0df8f0c0ad6fb9f43244b949c313576d4219f11689dfdac06edc7715ff18e1
S000793,*C(=O)c1ccc2c(c1)C(=O)N(c1ccc(Oc3ccc(-c4ccc(Oc5ccc(N6C(=O)c7ccc(*)cc7C6=O)cc5)cc4)cc3)cc1)C2=O,a40e3662b6320dffc00dff0ea15bf8d07bb86fbe390c01242beea4b9f4f5d7de
S000794,*C(=O)c1ccc2c(c1)C(=O)N(c1ccc(Oc3ccc(C(C)(C)c4ccc(Oc5ccc(N6C(=O)c7ccc(*)cc7C6=O)cc5)cc4)cc3)cc1)C2=O,8f6b05827a85450c03fc29e8d8fc59c2a7a77a3ed93e99278949887a5e839fa7
S000795,*C(=O)c1ccc2c(c1)C(=O)N(c1ccc(Oc3ccc(C(c4ccc(Oc5ccc(N6C(=O)c7ccc(*)cc7C6=O)cc5)cc4)(C(F)(F)F)C(F)(F)F)cc3)cc1)C2=O,9e4472806b730a3583071ac3c0769c1107bd2209df68632942cabbed491ada5d
S000796,*CCCCCCCCCCCCn1c(=O)c2ccc3c(=O)n(*)c(=O)c4ccc(c1=O)c2c34,73c85896741f66dd7ad7b69aa39eebe4c182e97d66c14e72dc6cea7814076467
S000797,*c1cccc(S(=O)(=O)c2cccc(N3C(=O)c4ccc(Oc5ccc(Sc6ccc(Oc7ccc8c(c7)C(=O)N(*)C8=O)cc6)cc5)cc4C3=O)c2)c1,03e7e804f5707637e7f4d5f0f6212661df9709d325bf47a1ee767bbc4d9b6808
S000798,*c1cccc(S(=O)(=O)c2cccc(N3C(=O)c4ccc(Oc5ccc(S(=O)(=O)c6ccc(Oc7ccc8c(c7)C(=O)N(*)C8=O)cc6)cc5)cc4C3=O)c2)c1,26d282e218c8eca361d0582b9de6a36b1053064b42ac1ad52241e4b75ab97700
S000799,*c1cccc(N2C(=O)c3ccc(Oc4ccc(C(C)(C)c5ccc(Oc6ccc7c(c6)C(=O)N(*)C7=O)cc5)cc4)cc3C2=O)c1,08bb227a3dbba450d7cdc5c840775a77e6893fe946cb4341e4e9d1502e800425
S000800,*c1ccc(Oc2ccc(N3C(=O)c4ccc(Oc5ccc(C(C)(C)c6ccc(Oc7ccc8c(c7)C(=O)N(*)C8=O)cc6)cc5)cc4C3=O)cc2)cc1,7286ddae1eb43c2767415a15752b866bc5b964e885c4e0fe25d7d73f5d02e8fa
S000801,*c1ccc(C(C)(C)c2ccc(-n3c(=O)c4cc5c(=O)n(*)c(=O)c5cc4c3=O)cc2)cc1,77dd4f9a44e1028fbaaa233e87d72c95c385dafed49f2aca551a095823edc4e7
S000802,*c1ccc2c(c1)C(=O)N(c1ccc(Cc3ccc(N4C(=O)c5ccc(C(*)(C(F)(F)F)C(F)(F)F)cc5C4=O)cc3)cc1)C2=O,6e9fd61fe22e6bb8338426abb60c0284f0424ee52b0f55086e787252f4891c63
S000803,*c1ccc2c(c1)C(=O)N(c1ccc(C(C)(C)c3ccc(N4C(=O)c5ccc(C(*)(C(F)(F)F)C(F)(F)F)cc5C4=O)cc3)cc1)C2=O,7ba0bebfba529e8aa28dd1429c878649a2ce84c19f2b536cba4b597d865f7531
S000804,*c1ccc(Oc2ccc(N3C(=O)c4ccc(Oc5ccc(Oc6ccc7c(c6)C(=O)N(*)C7=O)cc5)cc4C3=O)cc2)cc1,bec10f26f2c29b567caa0f6ef7bb3b3bc6681e700aee1a8dc4e084abe090ca47
S000805,*C(=O)NCCNC(=O)c1ccc(N2C(=O)c3ccc(*)cc3C2=O)cc1,fbd0736ca48ac0ba2350054738331ec30e504200fbf4178a7de65c0ea02dff76
S000806,*C(=O)NCCCCCCNC(=O)c1ccc(N2C(=O)c3ccc(*)cc3C2=O)cc1,46b47b72b58f8853751929690096a8a8e9f2a7ca39e6d6ee80cd19f787a2868e
S000807,*C(=O)Nc1ccc(Cc2ccc(NC(=O)c3ccc(N4C(=O)c5ccc(*)cc5C4=O)cc3)cc2)cc1,86a84d7d2d13c3ca0ade5ebd7e6f9c598e16c7b6d825e9edd7bbb3f2d39dd936
S000808,*C(=O)NC1CCC(CC2CCC(NC(=O)c3ccc(N4C(=O)c5ccc(*)cc5C4=O)cc3)CC2)CC1,18e866a0439cfa3291325fd640dabd784428ab0fc7e457f7e854530328e8a7fd
S000809,*c1ccc(Cc2ccc(N3C(=O)c4ccc(Oc5ccc6c(c5)C(=O)N(*)C6=O)cc4C3=O)cc2)cc1,5a5746a8fafa917d887603e23d6a169c505b9c2f054a06081a8dd82ab2906a75
S000810,*c1ccc(Oc2ccc(N3C(=O)c4ccc(Oc5ccc(C(c6ccc(Oc7ccc8c(c7)C(=O)N(*)C8=O)cc6)(C(F)(F)F)C(F)(F)F)cc5)cc4C3=O)cc2)cc1,b7695e6e6a1c9217812ae9eb71edd7e1aee7374225c028602f4744640caec9c1
S000811,*c1ccc(NC(=O)c2cccc(C(=O)Nc3ccc(N4C(=O)c5ccc(Oc6ccc7c(c6)C(=O)N(*)C7=O)cc5C4=O)cc3)c2)cc1,c18addb0876cc69cab4a8b510f9e2d76af6a9381089bb26cc2221a301af49b1c
S000812,*c1ccc(Oc2cccc(N3C(=O)c4ccc(-c5ccc6c(c5)C(=O)N(*)C6=O)cc4C3=O)c2)cc1,7b9da947024eff921b4362dbdf29689a4e8ad10e8a2918496e4425f4a287d2ea
S000813,*C(=O)Oc1ccc(OC(=O)c2ccc3c(c2)C(=O)N(c2ccc(Oc4ccc(Oc5ccc(Oc6ccc(N7C(=O)c8ccc(*)cc8C7=O)cc6)cc5)cc4)cc2)C3=O)cc1,64b33483a913f6085240a51e0e509aec5d015e6e1e60edb0c628ea0e1e5b0272
S000814,*C(=O)Oc1ccc(OC(=O)c2ccc3c(c2)C(=O)N(c2ccc(Oc4ccc(Oc5ccc(Oc6ccc(Oc7ccc(N8C(=O)c9ccc(*)cc9C8=O)cc7)cc6)cc5)cc4)cc2)C3=O)cc1,7f991661e62f535909ac9de1d3d3c444182ed9d96b9ac676a8afc0f89e64a285
S000815,*c1ccc(NC(=O)c2ccc(C(=O)Nc3ccc(-n4c(=O)c5cc6c(=O)n(*)c(=O)c6cc5c4=O)cc3)cc2)cc1,bf5051b5d9da137851f2389a4fa0315d59d2f698520aa227577b49a5f1a424b4
S000816,*C(=O)Oc1ccc(OC(=O)c2ccc3c(c2)C(=O)N(c2ccc(Sc4ccc(N5C(=O)c6ccc(*)cc6C5=O)cc4)cc2)C3=O)cc1,14f501e6136324faab023ff836db2d2cfefed50931644e4dd32281e3900f500f
S000817,*CCCCCCCCCCn1c(=O)c2cc3c(=O)n(*)c(=O)c3cc2c1=O,21794612aed77160d1a7f5641548faf106be185d7c6bc3f66072ca0e54b1705c
S000818,*CCCCCCCCn1c(=O)c2cc3c(=O)n(*)c(=O)c3cc2c1=O,a90ddcfc4b969794f1ba6957c56ff71434b9b716f8f40bbc03915af6a4075b2a
S000819,*C(=O)Nc1ccccc1NC(=O)c1ccc(N2C(=O)c3ccc(*)cc3C2=O)cc1,3be89d0b70f36323db44de0ac4732778aceb5a4a463129783c08bb8147dcddc9
S000820,*C(=O)Nc1ccc(S(=O)(=O)c2ccc(NC(=O)c3ccc(N4C(=O)c5ccc(*)cc5C4=O)cc3)cc2)cc1,d489f77da39d5401f4665dd19e434f5d36dbd77b3a4b208166ea04872c67f1d1
S000821,*C(=O)Nc1cccc(NC(=O)/C=C/c2cccc(N3C(=O)c4ccc(*)cc4C3=O)c2)c1,8e287071351a6b8860ecc82aa871e130d60071f00d38edbf202a671e277c05e6
S000822,*c1ccc2c(c1)C(=O)N(c1ccc(Oc3ccc(C(c4ccc(Oc5ccc(N6C(=O)c7ccc(C(*)(C(F)(F)F)C(F)(F)F)cc7C6=O)cc5)cc4)(C(F)(F)F)C(F)(F)F)cc3)cc1)C2=O,ef91ddc5cde48908bae5e9e8d67bd84b2f3bf79e45f6896b76d1f8ffb84ddb77
S000823,*C(=O)c1ccc2c(c1)C(=O)N(c1ccc(C(c3ccc(N4C(=O)c5ccc(*)cc5C4=O)cc3)(C(F)(F)F)C(F)(F)F)cc1)C2=O,b858a6d54cb8174670b37d6f55f3fb81a54e1f380d489f9ebada217493fce5f4
S000824,*c1ccc2c(c1)C(=O)N(c1ccc(N3C(=O)c4ccc(C(*)(C(F)(F)F)C(F)(F)F)cc4C3=O)cc1)C2=O,a6d8f9b4f9c88ccb80674080029e63839795bdfecc3ff8c74d38176593861aca
S000825,*c1ccc(C(c2ccc(N3C(=O)c4ccc(-c5ccc6c(c5)C(=O)N(*)C6=O)cc4C3=O)cc2)(C(F)(F)F)C(F)(F)F)cc1,51fecedfbacf8f8beb7bef1005ee7c3b10a50d2a2b341d0a7719a47ea819af3c
S000826,*c1ccc2c(c1)C(=O)N(c1ccc(C(c3ccc(N4C(=O)c5ccc(C(*)(C(F)(F)F)C(F)(F)F)cc5C4=O)cc3)(C(F)(F)F)C(F)(F)F)cc1)C2=O,dc7c794f56580ec86f3e26201b98c9bfdd6c41cd0140e5bde7d892e82a2540c6
S000827,*c1ccc2c(c1)C(=O)N(c1cc(C)c(N3C(=O)c4ccc(C(*)(C(F)(F)F)C(F)(F)F)cc4C3=O)cc1C)C2=O,b7d633034c342b6977163de54a229b31b7916e3554e79700cf3e7696fc4e3c65
S000828,*C(=O)c1ccc2c(c1)C(=O)N(c1c(C)cc(C)c(N3C(=O)c4ccc(*)cc4C3=O)c1C)C2=O,eec3793ae8bc916bb39cc7e50b7b0228c862969ae3bb96057a0f0ca16523a658
S000829,*c1ccc2c(c1)C(=O)N(c1c(C)cc(C)c(N3C(=O)c4ccc(C(*)(C(F)(F)F)C(F)(F)F)cc4C3=O)c1C)C2=O,b52ee7c0a95c21156b95ffb97a8c6170774a370d1545f620387d37eb16eeef6b
S000830,*c1ccc2c(c1)C(=O)N(c1c(C)c(C)c(N3C(=O)c4ccc(C(*)(C(F)(F)F)C(F)(F)F)cc4C3=O)c(C)c1C)C2=O,4b8ba902297add6d869c3bd5fde8a0a12c3ed41835365b50afc20dad4e5e2bd0
S000831,*c1cc2c(cc1C)-c1cc(C)c(N3C(=O)c4ccc(-c5ccc6c(c5)C(=O)N(*)C6=O)cc4C3=O)cc1S2(=O)=O,07cb162d2649aad4f55620ce36828f37c3286cc1f9c0953beabe663bdd31ecf1
S000832,*c1ccc(C(c2ccccc2)(c2ccc(-n3c(=O)c4cc5c(=O)n(*)c(=O)c5cc4c3=O)cc2)C(F)(F)F)cc1,aa6c27f234a3159923ca958b389262bb4de448634b5870114a523f4fe0214358
S000833,*c1ccc(N2C(=O)c3ccc(-c4cccc5c4C(=O)N(*)C5=O)cc3C2=O)cc1,ffe280d9e8430bbaf14d16c7d7bde1f4ca6fdc0c09534efebee6e55564b70bd8
S000834,*C(=O)c1ccc2c(c1)C(=O)N(c1ccc(C3(C)CC(C)(C)c4ccc(N5C(=O)c6ccc(*)cc6C5=O)cc43)cc1)C2=O,b1dc1ed6cb006eb43f61388b420f46f897c7975a7269837e1a892a70e0046be5
S000835,*OC(=O)CS(=O)(=O)CCS(=O)(=O)CC(*)=O,1ec8f91c53362bd809dde9c78fb6d30e556bac74e209cd18a9e8a6bc1f87c387
S000836,*OC(=O)CCS(=O)(=O)CCS(=O)(=O)CCC(*)=O,5bba0f191b132decedbee113c46c9b3071f836b65dc1ddba1679bb3a75ab5d16
S000837,*OC(=O)CCS(=O)(=O)CCC(*)=O,e756f804146f3951674badc809ee1070a5bcf7445f3420b77035a78e532c244c
S000838,*OC(=O)CS(=O)(=O)Cc1ccc(CS(=O)(=O)CC(*)=O)cc1,40f8496b4018e6117738b1119efe19b2e634419bcccde3ea1f8a2ae897a0cef0
S000839,*OC(=O)CCS(=O)(=O)Cc1ccc(CS(=O)(=O)CCC(*)=O)cc1,945bf9a8d64de9928d41f731f89ae642e03cf0f8d9fb3f47e89c5cb2fb6c10f9
S000840,*CC1(C)CC(*)(C)C(=O)OC1=O,64fb03d6e2bfa16c18aadb100d0233d759fac57fcd8eefc6d66bc6378289ac68
S000841,*OC1C(C)(C)C(OC(*)=O)C1(C)C,d4108af3015d82b7330483dda42a574fcf46e257c5c8bad1192bab5ddee86b8a
S000842,*Oc1ccc(Cc2ccc(OC(*)=O)cc2)cc1,9c3811391c4e3a425d6b4583d78d8ce71c80de57f0598a3f540bfdfee9bacfc6
S000843,*Oc1ccc(Cc2ccc(OC(*)=O)c(C)c2)cc1C,e5a96d10ae5d8980aa152682dc77bcb8ebc98ba791b804de71da1fc49253e311
S000844,*Oc1ccc(C(C)c2ccc(OC(*)=O)cc2)cc1,29f47c359cf75c0fea38a16a08c5cdfd6d15dbb4c729d51b6a17863893e42b00
S000845,*Oc1ccc(C(CCC)c2ccc(OC(*)=O)cc2)cc1,f1a8658dc4fd6de1d439c372e10308a11e380c52086f30e90d5a6c060df8b645
S000846,*Oc1ccc(C(c2ccc(OC(*)=O)cc2)C(C)C)cc1,dd1afa81d759901685958ac1e091a0efa1ccf37fd19ab249f5545574b3e863d9
S000847,*Oc1ccc(C(c2ccccc2)c2ccc(OC(*)=O)cc2)cc1,23fb76b9af0160764e88949075c708ec35daa4ca77745062f28251c83def2e09
S000848,*Oc1ccc(C(C)(C)c2ccc(OC(*)=O)cc2)cc1,cce0f515d0536f160fecf3d149f18a5412a6def13f04ea6ccf43aee278e57f2d
S000849,*Oc1ccc(C(c2ccccc2)c2ccc(OC(*)=O)cc2C)c(C)c1,fe634110dc65d2bfbfbd71d8eedc40bc139cdc775cf9e73022229ca908f3f043
S000850,*Oc1ccc(C(C)(CC)c2ccc(OC(*)=O)cc2)cc1,2e3d8d34be8aec19dd53646457b456b9a7cc98af0ad9f72c7df1fc4aa8f2d1d9
S000851,*Oc1ccc(C(C)(CCC)c2ccc(OC(*)=O)cc2)cc1,27205e41eb8fa3a2e44c9ef12e8d420ee60126c412855b5585ad8ca2f199f105
S000852,*Oc1ccc(C(C)(CC(C)C)c2ccc(OC(*)=O)cc2)cc1,24fd64a8125859779ff2edf4626b1d3fc5fa644bac9087b6acbfb0743770edf3
S000853,*Oc1ccc(C(C)(C)c2ccc(OC(*)=O)c(C)c2)cc1C,e83ba438b02457c1596fe9d17a8305bd6795ca7ea2bf31c7e6645d4fe498b585
S000854,*Oc1ccc(C(C)(C)c2ccc(OC(*)=O)c(Cl)c2)cc1Cl,6f35217686deaf926785d2f66d3328c1f4f4ce3af0498f861ffe79d00f8a5a1e
S000855,*Oc1c(Cl)cc(C(C)(C)c2cc(Cl)c(OC(*)=O)c(Cl)c2)cc1Cl,39746fbc37746eae70ab851eb6710d2062e54be03007979e15dc181caf77126f
S000856,*Oc1c(Br)cc(C(C)(C)c2cc(Br)c(OC(*)=O)c(Br)c2)cc1Br,e1750dcc42228616adb2fd6114dbbeb2caaee7e91eb4e480d81c45649e2e1ce6
S000857,*Oc1ccc(C(C)(c2ccccc2)c2ccc(OC(*)=O)cc2)cc1,58aa12321ef9ed670f79544145b9df06524a623695ca549442d5b2b7ee189b01
S000858,*Oc1ccc(C(CCC)(CCC)c2ccc(OC(*)=O)cc2)cc1,36bc6f24065024d6aeff85139863cbb1da4834d681695d283c7af30b87b4593c
S000859,*Oc1ccc(C2(c3ccc(OC(*)=O)cc3)CCCC2)cc1,4b7e65d407291971dfeea4d042b631884208b3ab707aad8d71f89644c9622384
S000860,*Oc1ccc(C2(c3ccc(OC(*)=O)cc3)CCCCC2)cc1,2f6b93ac1f6358ff6f46f307cd2202cf3a4c9adced7afbeb21677df1df02d619
S000861,*Oc1ccc(C2(c3ccc(OC(*)=O)c(C)c3)CCCCC2)cc1C,6a8eb687a0f443224d0cd660b2c1f7c16d92d9db904657052bf149bbef020f3e
S000862,*Oc1c(Cl)cc(C2(c3cc(Cl)c(OC(*)=O)c(Cl)c3)CCCCC2)cc1Cl,058f94d1a52794154e923e88e37af4f7924f4f2008e2ec82ec98206095c38616
S000863,*Oc1ccc(C2(c3ccc(OC(*)=O)c(Cl)c3)CCCCC2)cc1Cl,c3a5be49cbcc19fd7a17430bfdceafc3eab7342fdf431eabd10281536450e629
S000864,*Oc1ccc(C2(c3ccc(OC(*)=O)cc3)c3ccccc3-c3ccccc32)cc1,7fe46f89b6943303bd8ddc3cd069cd98b09ec25e11c2717366072c54ecb6196f
S000865,*Oc1ccc(C(c2ccccc2)(c2ccccc2)c2ccc(OC(*)=O)cc2)cc1,9f7652f341ba2c5c15f93c0e677185375a4becbcf7a138136806e09f7cab0545
S000866,*Oc1ccc(C(c2ccc(OC(*)=O)cc2)(C(F)(F)F)C(F)(F)F)cc1,2e2ad634d09c072432c60214e724a890f8c7259fd6763971791d353be70777cd
S000867,*Oc1c(C)cc(C(C)(C)c2cc(C)c(OC(*)=O)c(C)c2)cc1C,f5154a1295f11575a16575fea8b2d39f46f8e1dcc3204e7b562fba2bc63fe4ed
S000868,*Oc1ccc(C(C)(C)c2ccc(OC(*)=O)c(C(C)C)c2)cc1C(C)C,0171a5d3eb8f479d18c2117f9dd70e60c7e1c2c45d750d217b272960507f6006
S000869,*Oc1ccc(C(=C(Cl)Cl)c2ccc(OC(*)=O)cc2)cc1,42da12f99a31f52d7d6bc52bfff6b86e1160e94538f634746079315641268a6a
S000870,*Oc1ccc(C2(c3ccc(OC(*)=O)cc3)CC3CCC2C3)cc1,afc86344e87e2ee380f5e34486bfe1d690a935b6d4223e9033b56ab3cd455558
S000871,*Oc1c(C)cc(C(C)(C)c2cc(C)c(OC(*)=O)c(Cl)c2)cc1Cl,d3b225f9f646d80832fd5210393130054ed756539aaf8b39543379fd0e6c8774
S000872,*CCN*,d46f197dd3af392f02e20292aa403dd66630ad23b8351e3f50d2e783e2e0f5a3
S000873,*CCN(*)C(=O)CCCC,6cd11df316edfd61b88a4538db5266c747d4c9deb5bbc8cbf9349f292bc5beb0
S000874,*CCN(*)C(=O)CC(C)C,92cb8ac4bebb2ae469f8cd2d44940a7e38891f99823ce35225008ad8053502e2
S000875,*CCN(*)C(=O)CCCCC,1295d882a4ddc69bfa1ca32b885fd54061d158fb4545c0187091b9996075c0d1
S000876,*CCN(*)C(=O)CCCCCC,f077a9d49cb6e15bb1d2a5afbec9bcd3bc9d67ea17b256d79190268d59ae76b7
S000877,*CCN(*)C(=O)CCCCCCC,0d03230232ab27f54b591a023d4b48f66e2ce4d3d3f0a44256a691d7cdf1cc0f
S000878,*CCN(*)C(=O)c1ccc(C)cc1,fbacae700c3387f93517803e143b389613f37d97fedf8ae40a5608f20b8f679e
S000879,*CCN(*)C(=O)c1ccc(Cl)cc1,7da64bf4bacae5b26eabc0d81e70720d75c8a9d73a708aef1783de63aa15e1cc
S000880,*c1ccc(-c2nc3cc(-c4ccc5nc(-c6ccccc6)c(*)nc5c4)ccc3nc2-c2ccccc2)cc1,bcbcab88646a22999e50caae14ea5161c7a05b3e62539f9c9e0ada998802300b
S000881,*c1ccc(-c2nc3cc(-c4ccc5nc(*)c(-c6ccccc6)nc5c4)ccc3nc2-c2ccccc2)cc1,157c4d78764472d2a0ce6178cc872f3be50ec3ec87dcf0356451dee84f12e4da
S000882,*c1ccc(-c2nnc(-c3cccc(-c4nnc(*)n4-c4ccccc4)c3)n2-c2ccccc2)cc1,23b06ee7cd3350191f5bd2ec80195c86af24e42ef22d2d7a6e5c4d45954a6cf1
S000883,*C[Si](*)(C)C,2079be633fa8de9ebf88e3d8a37c16a59acdeeb5425eec81343e28906afba957
S000884,*O[Si](*)(CC)CC,51ded9f123fa659383ec91d6a2ec03741cffaf9c497e05fc36133871b744ce7d
S000885,*O[Si](*)(CCC)CCC,3ca7eb0b9e6e901f13a899353d18b56bcd28627f0856b4a146127cfdff05ac27
S000886,*O[Si](C)(CCC(F)(F)F)CCC(F)(F)C(F)(F)C(F)(F)C(F)(F)C(F)(F)C(F)(F)CC[Si](*)(C)CCC(F)(F)F,fcec142a08a97ee1ca8c2054406b850b47ff08f7ab5bd66fb266635942c5d96b
S000887,*O[Si](C)(CCC(F)(F)F)CCC(F)(F)C(F)(F)C(F)(F)C(F)(F)C(F)(F)C(F)(F)C(F)(F)C(F)(F)C(F)(F)C(F)(F)CC[Si](*)(C)CCC(F)(F)F,3db0822594d08c66e8acd2d1062803e4379a65465e9d539a59adeb9fbb42ff4d
S000888,*O[Si](C)(CCC(F)(F)F)CCC(F)(F)C(F)(F)C(F)(F)C(F)(F)C(F)(F)C(F)(F)C(F)(F)C(F)(F)CC[Si](*)(C)CCC(F)(F)F,f449aa66e7071651cac4173cdc2626f9facb57d4af7dade6068ea3f84ff39db7
S000889,*O[Si](C)(CCC(F)(F)F)CCC(F)(F)C(F)(F)C(F)(F)C(F)(F)CC[Si](*)(C)CCC(F)(F)F,097225070a7e978661ac1f8e10b89910c25b506c79ea746284de99bc571570f9
S000890,*O[Si](C)(CCC(F)(F)F)CCC(F)(F)CC[Si](*)(C)CCC(F)(F)F,ea2c50f23ccbe0a521b45fcfa4418e289e7c986920fa706aa887df60e6c6679c
S000891,*O[Si](C)(CCC(F)(F)F)CCC(F)(F)C(F)(F)CC[Si](*)(C)CCC(F)(F)F,868defd0cb86421c24f817f1553721762686e06372c80e7508fd96713e728063
S000892,*O[Si](*)(C)C,b53c6ac52202059538d2f1dbb4abb2b34e9b40187db5ae64fa7426b05c68bee3
S000893,*O[Si](*)(C)CCC(F)(F)F,9b63f5ce36f1caf964548c2b4284f6c375d44c1f71ad066d720d33042184a4a3
S000894,*O[Si](C)(C)c1ccc([Si](*)(C)C)cc1,138901d0e7318bf8efcd97317ca986e96fe00c12f49dbaafedaedcd9ca540c4b
S000895,*[Si](*)(CCCCCC)CCCCCC,af97bc28b48afffe4bef05194f23d653221dc8191530a692dc62d433f3be4355
S000896,*[Si](*)(c1ccccc1)c1ccccc1,519834031e8fc96e7d6d2b4c420649cd37a343ab149036acf4c3311c03a7b02a
S000897,*[Si](*)(C)C,12d2ea52bb1fd4b71f9ff46a63583f97a5bc7f55b62bc15690ee0cf2a7c8d247
S000898,*O[Si](O[Si](O[Si](*)(c1ccccc1)c1ccccc1)(c1ccccc1)c1ccccc1)(c1ccccc1)c1ccc(C)cc1,0df9a67ad0c4692a3799cd8b421609bd6a3321638c02fc455f474315327da01a
S000899,*O[Si](*)(C)CCC,782a716aead5aad5bca895a042e63793da93739c9485050bec402ba9b22692a2
S000900,*O[Si](*)(C)CCCCCCCC,f5994cd1a6c36a0dc7ffd9b34116e87a42c7d9f9d61cd993b2d9b9bf3fb02239
S000901,*O[Si](*)(C)CC,c36f955451bb08ca9ebc63e70debbc3520fdfff5f47d83b316dc9e520a67e5ae
S000902,*N=P(*)(Oc1ccccc1)Oc1ccccc1,4462464b4ec038426d0a5c7df533f71354971a20577f981b9470a6a696fcd5f1
S000903,*N=P(*)(Oc1ccc(-c2ccccc2)cc1)Oc1ccc(-c2ccccc2)cc1,dd8d64e38d3602dd41ce72928ccb659097467a0453671ad052211f6d12f7a1b6
S000904,*N=P(*)(OCC(F)(F)F)OCC(F)(F)F,b7db1b3c71d689e556c4358cb9554ad98c5d565c712558d618d28adbf4c8ed5b
S000905,*N=P(*)(OCC(F)(F)C(F)(F)F)OCC(F)(F)C(F)(F)F,949105100fef694102773e3d240c03fd36b026b44f025eb4a356c6e4bface3e3
S000906,*N=P(*)(Oc1ccc(F)cc1)Oc1ccc(F)cc1,863d813945c4b420c80ba3fcea6c05fa4ab215d849e86e40b28db33d4b3c1773
S000907,*N=P(*)(Cl)Cl,c75c3c006f4f9a264660595a2afa900c1647575f6e611fc982a224c71d9ee37a
S000908,*N=P(*)(Oc1ccc(Cl)cc1)Oc1ccc(Cl)cc1,3b9d747afd6bacd87438bf47228e9638600625784c3730d3fdf77b8a3bc0f708
S000909,*N=P(*)(Oc1ccc(C)c(C)c1)Oc1ccc(C)c(C)c1,09a4ae724b08864960eecfd0f0a49ff2bd41bf1d0c29771347d82002894b2c59
S000910,*N=P(*)(Oc1ccc(C(C)C)cc1)Oc1ccc(C(C)C)cc1,efe93f2dab3a67fae89bc39a61b1a2ce8a25a77ce6fba04435a88293d61b97e3
S000911,*N=P(*)(Oc1ccc(C)cc1)Oc1ccc(C)cc1,3ca6e4e4781124bc240ddff90741568b7741ffdd606a23f58c9af7a8f7156c6b
S000912,*N=P(*)(F)F,91e768225a6b377b4839e42b674937a8ed06a026e313c9041e1e9ec573c7cbbe
S000913,*N=P(*)(C)C,d747ec094003fa8a81c443a6e5a896fb80d18d846e8273fff0c4c178e4b98aad
S000914,*CCC(*)=O,ba7c283214896ded76fac49fa99931a7d5ef731b131ecec2a40fa8ca88b1b575
S000915,*C(=O)C(*)(C)C,4cbe6f2d9262fac165ea3b16938f275cca1bafe804445764c54af68dfc667cc2
S000916,*Oc1ccc(C(=O)c2ccc(*)cc2)cc1,dbb7475638236f4c50510cab637677f191400c5656e8ca56b82de8cea365e467
S000917,*CCCCCCS(*)(=O)=O,fb1cbe1e95a1ed2c1772036b0e18372101ef5e4c7191d361df55c5cbc63955d5
S000918,*c1ccc(*)cc1,8892789e3c4f3ef0e7a6956dea4d00475b8681860e498b0bfbe210833acb4160
S000919,*c1ccc(C(*)C)cc1,c72b3d4918bc46667fcadc268baadb3081256f7f734e525d09d6c35587ffe7bd
S000920,*CCc1ccc(*)cc1,686acf76d891c271333b50843c54abe1338910416b637f944a363251827a8ace
S000921,*=C=C=C(Cn1c2ccccc2c2ccccc21)C(=*)Cn1c2ccccc2c2ccccc21,dc2958829cb3155e635af344952024c054efe6c2cf28e3882215fc0f4d8f7edc
S000922,*=C=C=C(CO)C(=*)CO,1f8ab6c38f8e76425996ccc6991185e2ff3b6e280d61cc0708ae6c44b402aefb
S000923,*=C=C=C(COC(=O)NCC)C(=*)COC(=O)NCC,c9fc16d7bb5689a6dd92ac49c1ca318f103a6024c1305ddec9a659165366d244
S000924,*c1ccc(C(F)(F)C(*)(F)F)cc1,2481673c05c4c2db7488d00280c55d7cd245f56cc22425466cb16df45b6a97b0
S000925,*c1ccc2cc(C3C(C(=O)Oc4ccc(Cl)cc4Cl)C(*)C3C(=O)Oc3ccc(Cl)cc3Cl)ccc2c1,db15a37919cd33899ad2d523d68694840654992bfb0a001879b318d58305526e
S000926,*c1ccc(C2C(c3ccccn3)C(*)C2c2ccccn2)cc1,7913c66ad05800ff4495af322dd34280c80741477bdefb963e259bb447180688
S000927,*=C=C=C(CCCCOS(=O)(=O)c1ccc(C)cc1)C(=*)CCCCOS(=O)(=O)c1ccc(C)cc1,04044c04743e1dcaba9d8d82ca8579efa8c222c55678ae5d43c0be33c6dbdeba
S000928,*=C=C=C(CCCCOC(=O)NCC)C(=*)CCCCOC(=O)NCC,1ee3a47e69a0b899b2311c29a638d5fef80bdd146361a9994da005ce0bcb977f
S000929,*=C=C=C(CCCCOC(=O)Nc1ccccc1)C(=*)CCCCOC(=O)Nc1ccccc1,1641a7d2513e4f30121e80fdbbb8f5a238cc8981500e0b4fea74758011f81f9c
S000930,*CC(*)C1CCCCCC1,0c9dec2030bc0e0ffdffb3a47e66370aba1f627f51e8e1453e240cb19d5e008e
S000931,*CC(*)C1CCCCC1C,dfe8040c810f3317de10bc406e26ed0f1b5b57826999286dcab9a2e6fe1d0b19
S000932,*CC(*)C1CCC(C(C)(C)C)CC1,71a11e8c6483be0c07b570e4eb89be54e7b749f44c24df88bdf9deb45020c869
S000933,*C1CCC(*)C1,2f01327f50090ebbf17bd8d416f83cd8ce0d1a412bbc4368b38be012de09b748
S000934,*C1C2CC(C)C(C2)C1*,999e82b193ddec4e61c143e897c91ec9d0effb885018f4f463513ee125751934
S000935,*C1CC2CC1C(*)C2CCCC,2f1b679fa5b867da21539522df05a34eae9931e804a446ac07b65ac85b53abe8
S000936,*C1CC2CC1C(*)C2CCCCCC,b6f8e693f19ec14bbd12e3da82af9736f56bb72b53a3f4b07fca301b5481a4b4
S000937,*CCC1CC(*)C2C3CC(CC)C(C3)C12,7de91d1e8c708ffde0f3b45ab06a2a96c3418a8d4e0c06a190df8c1a9be73d37
S000938,*CC(*)(C)c1ccc2ccccc2c1,507ce15cea34820ff9a5cff74ec29300a32de694fca8c9bca9e32062888ddfaf
S000939,*CC(*)(OC(C)=O)c1ccc(OC(=O)OC)cc1,69d8b25284c5d80f866ff218e9d7a2532f2eef23b2dc529cf5822b8636a6dc98
S000940,*CC(*)(OC(C)=O)c1ccc(OC(=O)CC)cc1,f658e9f0141ef3aada6ce7b00ea60eecc8b5c9d884a6d0b14dcdc5a7c6daa7b4
S000941,*CC(*)(OC(C)=O)c1ccc(OC(=O)CCC)cc1,400f7fcb91f31990127952a6d7f0ca9c862d6f012df951415260fa64a96b71e0
S000942,*CC(CC(*)(C#N)C#N)(OC(C)=O)c1ccc(OC(C)=O)cc1,8423b6f5e61fa99cf90b7f8990814b11c59a9ff6969673c7c297aa47f3d017ca
S000943,*CC(CC(*)(C#N)C#N)(OC(C)=O)c1ccc(OC(=O)OC)cc1,2819b93e465d93200edce9a86dffb1b8ea74fdccf41aa668713f98a380eaf772
S000944,*CC(CC(*)(C#N)C#N)(OC(C)=O)c1ccc(OC(=O)CC)cc1,2e0f93a28fa825cdfe1e6281a2a28962c17db366c39c33089eca1ff91d068345
S000945,*CC(CC(*)(C#N)C#N)(OC(C)=O)c1ccc(OC(=O)CCC)cc1,e420fb23b66f15bb6b0b6000356c2305a4078a3e425b1f8748a630e356e41950
S000946,*CC(CC(*)(C#N)C#N)c1ccc(OC(C)=O)cc1,12da25216fb942b587f54c585cebbaa325fb4da40b0364b86ad587b8e5146433
S000947,*CC(CC(*)(C#N)C#N)c1ccc(F)cc1,e396a9b3baadb0e802e89140365f665608519e2f404fc512377e752c1eeb03fd
S000948,*CC(CC(*)(C#N)C#N)c1ccc(Cl)cc1,dce294c54483af04a536cd8b8dc14f704445b21e45d283c0fb26ae71d65d068e
S000949,*CC(CC(*)(C#N)C#N)c1ccc(CCl)cc1,fc41804efd29d310b9f7be6c6ad4408c6fba74401229f14378cfc182a457f9aa
S000950,*CC(*)c1cc(OC)c(O)c(OC)c1,7d84775f9b2bbb103fba4d65125929e818b8b0737e8ca54d71ee50ba766f2256
S000951,*CC(*)c1ccc(Cl)c([N+](=O)[O-])c1,6b48dbdab6fc1fe56ee4f0de2f4aa81caf0e34251efcb5325f98d5fb6d539691
S000952,*CC(*)c1ccccc1Br,a123c78b8b4ac1b8a1a05e5580d3d2863744a75d50b91281feea642e43e149bf
S000953,*CC(*)c1cccc(Br)c1,0bb1a05a118e5e570773d0aab51cc08ac4c0c783becb56e117a228104bb509cd
S000954,*CC(*)c1ccc(O)c(OC)c1,fd03e418420d4b0438fed0ac8f0f7ef5edbd70f204ebe65a62da347e603d62f2
S000955,*CCC(c1ccccc1)C(*)c1ccccc1,951d87fc0283f950b7c1e0759f5110e0877d11ce73cf43e8750d084bd8423c69
S000956,*CCC1CC(*)C2C3CC(c4ccc(COC(C)CC)cc4)C(C3)C12,f6ca0e6a437520b5146a8edddf44b01bdd60a75333299e0e2c5dfa111ea51732
S000957,*CC(*)[Si](C)(C)C,86d9a29601ce20aa44f166e75d9fde72b84e972a9ffd1275f835dccd4b23ea72
S000958,*/C=C/C(CN)C(*)C(=O)O,a110b1b74b18b89a682b9de9818d3e35e61ff027720f915fc39162e687b3a421
S000959,*CC/C(Cl)=C(/*)Cl,3462c41a78dce52816a903fcf784a70f76745c760b145a4cfb4467ce5070ea06
S000960,*=C=C=C(CCOS(=O)(=O)c1ccc(C)cc1)C(=*)CCOS(=O)(=O)c1ccc(C)cc1,a84642cf948a0eeaa85a55093e937fd841989bdb6741315db49ea5bc88e163ad
S000961,*=C=C=C(COC(=O)Nc1ccccc1)C(=*)COC(=O)Nc1ccccc1,9e6a89f59bd70f4b0c6d8d834513e128882536ea197410a466c35bbca1a9709a
S000962,*/C(=C(/*)c1ccccc1)c1ccccc1,bc4fbf5f6395ca1621cb26f7d194db6fe1927b987fe5119d0de3e0300ee28927
S000963,*=C=C=C(CCCCOC(=O)NC(C)C)C(=*)CCCCOC(=O)NC(C)C,b9ae69ccdb3b107d65e494cd8965bffbdda54d4acf26f2a67a3e5c85e7c7b685
S000964,*/C=C(/*)c1ccc(C#C)cc1,898f3f4e0b7eab4791354898e85943344961669d6401e7782614e0f376f733ef
S000965,*/C=C(/*)c1cccc(C#C)c1,fdf988e8677d9b93b11d2e6b8676890a029d28fe101191110596594fea0dd1ee
S000966,*/C=C/C1CC(*)C([Si](C)(C)C)C1,25152feea99ea0c82bf18c2ca6c0eac5df2818b531cb2698416bcd7816b7d29c
S000967,*/C=C/C1CC(*)C([Si](C)(C)C[Si](C)(C)C)C1,c42a9060d5c25a0577e9cb27416369dd542d2b96c66bebd867db0630d98da789
S000968,*/C=C(/*)c1ccc(-n2c(=O)c3cc4c(=O)n(-c5ccc(C#C)cc5)c(=O)c4cc3c2=O)cc1,084b042ac61c0418b0cc9a9c00c5ee74050965c0571dba72d075cf5c896292e7
S000969,*/C=C/CC(C*)(C(=O)OC12CC3CC(CC(C3)C1)C2)C(=O)OC12CC3CC(CC(C3)C1)C2,9b72df5a95a58a7a0c315e306e7f971930f0df2c4cdca78e6a64622140775e10
S000970,*CC(*)S(=O)c1ccccc1,5a5c7b4f7bb2e9e4cce3375707040cb27f6ba94a75017f8b5fbba5fbb48c388d
S000971,*CC(*)S(=O)(=O)c1ccccc1,e0198882e399f34997bf6f52f5075dfbbb6f6f6be7d8faa267bb6995017351b2
S000972,*/C(=C(/*)c1ccc([Si](C)(C)C)cc1)c1ccccc1,b734704c6d5f6d47500ee6a94cb0f16184e179a0c610920ed844ddbdad8360c7
S000973,*/C=C/C1CC(*)C(F)(F)C1(F)OC(F)(F)C(F)(F)C(F)(F)F,855d5d908d4ed57b59fc4ad5671283416977d38325f8be33fae6ba8d72983a22
S000974,*CC(*)CO,0d323709d8ba0c8e74e69285e42a868069a8b089735e0609be5f8a402ff688c1
S000975,*/C(=C(/*)c1ccc([Si](C(C)C)(C(C)C)C(C)C)cc1)c1ccccc1,88ed2db32ae4b9786b23e1cddd1e5eb9bc121de15860720e9e2fbe16119646a9
S000976,*CC(*)[Si](C)(C)O[SiH](C)C,5410f926d2be4849db7b9338437a1a515743135c1613561e6acadf07718b5724
S000977,*CC(*)n1cncn1,7eda93e73a0abe1fc6a1d47df0512ba66e647bf5f88a927dc75b4d1214f55500
S000978,*/C(C)=C(/*)[Ge](C)(C)C,220b65a5a0d65abfd70994bc5cad45afb3976626f7549f6bcd5fe56c651e67c6
S000979,*/C=C/C(C(=O)OCc1ccc(Br)cc1)C(*)C(=O)OCc1ccc(Br)cc1,e0957fc7e057dce6cf61ed063bf26e19bea7cf1344f916f78597925b10470a51
S000980,*/C=C/C(C(=O)OCc1ccc(Cl)cc1)C(*)C(=O)OCc1ccc(Cl)cc1,ec32712db0f3d5a0b48fbc402c0a173770d4f3b4f73a86de138fd368f3939863
S000981,*C1C2CC(C1*)C([Si](C)(C)C)C2,0bd2b1895f77b8b7814c34b99e01ed19cfe3f0c007428e1ac1092518d0d2ac8d
S000982,*c1ccc2c(c1)C(c1ccc(OCC(CC)CCCC)cc1)(c1ccc(OCC(CC)CCCC)cc1)c1cc(-c3ccc4c(c3)C(c3ccccc3)(c3ccc5ccc6cccc7ccc3c5c67)c3cc(*)ccc3-4)ccc1-2,b305f391030b2fb26115658863f6a9751bef766b8dd1c5d971cbe7e2a8ac5d21
S000983,*CC(*)C(=O)SCCC,fd58ec716b20ac430fd64f1cd5431fa6455fa668363377643ba88ad99c468986
S000984,*CC(*)C(=O)SC(C)C,af73da2b40270dd3158c106aa662dff408acea24b3845ed7f99c3b9f9a693a17
S000985,*CC(*)C(=O)SC(C)CC,59a5f1d253b9e00eb6d1c17853c5c155083cc59c2bfe17f8aecc8730957452af
S000986,*CC(*)C(=O)SCC(C)C,06e01ad39434811ba9047d11f6e23b2a2a85b3ab477afb3cf95607c03b9d712a
S000987,*CC(*)(C)C(=O)OC1CCCC1,ed0f74e92d332488e9a6ae292db20701b8d8fefe4281bc1712eb4743738fb28a
S000988,*CC(*)C(=O)OCC(C)O,b0db455ebdc5aa5fda0b360a34e19afdb317ab358097167f29820e385235f85e
S000989,*CC(*)C(=O)n1c2ccccc2c2ccccc21,6a76026d508ad16bbda3b1d4980185c47b0f1fc372f2d67ee3128862042b2d93
S000990,*CC(*)(C)C(=O)OCCCCCCOc1ccc(C(=O)Oc2ccc(OC)cc2)cc1,35e721ca8425a16abfc4df77473e1bb934c0a930876c304df44b59e1cd99ffeb
S000991,*CC(*)C(=O)OCCCCCCOc1ccc(C(=O)Oc2ccc(OC)cc2)cc1,f886401f84a00cf59ab28c191844e08a13f359b25083037f8c7e83f39376d8ca
S000992,*CC(*)(C)C(=O)OCC(F)(F)C(F)(F)F,08cf52af00d282cb5ccb2793221ce7b165c0ede1f9bc2f86d2109c13ef0102dd
S000993,*CC(*)(C)C(=O)OCCC(F)(F)C(F)(F)C(F)(F)C(F)(F)C(F)(F)C(F)(F)C(F)(F)C(F)(F)F,c8d2ebb22bb971c2c9254b669e45dda529207efbd30bc1e7f2456e9814ac9606
S000994,*CC(*)(C)C(=O)Oc1c(C)cccc1C,dfb6fda06726a01b30df576fa8a59fa842ec85b74cfebfd968b3335fece73125
S000995,*CC(*)(C)C(=O)Oc1cccc(C)c1C,1e86d6b15077db783d72f030d542e4500efeca4ee7c6d243fc8bc7038f3e6080
S000996,*CC(*)(C)C(=O)OCCCCCCN(C)c1ccc(/N=N/c2ccc(S(C)(=O)=O)cc2)cc1,ebff9a1f45f76f10772f3cc03a7e9892b965ddf2891d126c3269b36157431876
S000997,*CC(*)C(=O)OCCCCCOc1ccc(C(=O)Oc2ccc(OC)cc2)cc1,7137c259ac3a75d7756a4157b894941293569c0d5380336d106ba429b4de1c78
S000998,*CC(*)(C)C(=O)OCCCCOc1ccc(C(=O)Oc2ccc(OC)cc2)cc1,24c788005b3dde7d535b535d03303fb79cbe2ebef1ffa3e81b2e11441de9ff4d
S000999,*CC(*)C(=O)N(O)c1ccccc1,7ae3121a0220a412095f026de74235a047495aca07856c006e4907ada2d7ee4f
S001000,*CC(*)C(=O)N(O)c1ccc(C)cc1,e76afe2a3ae0c7dcfefc0981082d8a75e1a1851e7739d4e1a72039a8eb4638bb
S001001,*CC(*)C(=O)N(O)c1cccc(C)c1,e4f05353c08e621f492622a26bc9744820be5269fd23c79f25131c20325977b6
S001002,*CC(*)C(=O)N(O)c1ccccc1C,f05c48c1c55586e9a03e50f74f602dc24336ab5b39c0a9a0ecb5d9abfe3b10c1
S001003,*CC(*)C(=O)N(O)c1ccc(Cl)cc1,db637acb90c0cbe5bc23ec2a1c1ea72792c98b4f6dc666b1ddb20a2991116b86
S001004,*CC(*)C(=O)N(O)c1cccc(Cl)c1,a48a6189a81e267f82574429463d2fdb96d7b2f1a14c95bb395b22ab352b0418
S001005,*CC(*)C(=O)N(O)c1ccc(Br)cc1,40caa205f3c6c437b58d75bbaa910ecf086630e4ecd4dbc061a8392e352af263
S001006,*CC(*)C(=O)N(O)c1ccc(I)cc1,f1718aa3272e2f2152bb1dd500d7542b1e52e9adc38e119bc909398a1ed5e6f4
S001007,*CC(*)C(=O)OCCCCCCOc1ccc(/C=N/c2ccc(OCCCCC)cc2)c(O)c1,a736f743fd674b9a366e77a3c689dc397d6a8c00bc9b724f30ffd79582be1459
S001008,*CC(*)(C)C(=O)OCC1COC(c2ccccc2)O1,85e59a51ffadfcdffd100d39699faa0e7eaf74b20afb8e4d12edfcaaf9e86a79
S001009,*C(*)C(=O)OC(C)C,efd7a45861dff02a5af4a9875b0de4a5422f270039329dd6f80edd7905ddd29e
S001010,*CC(*)(C)C(=O)Oc1c(C(C)C)cccc1C(C)C,1fac5b0dbae0a7a15bad970b0546eb53d0cc982cf9eb8659d83154d331d8c652
S001011,*CC(*)(C)C(=O)OCCC[Si](OC)(OC)OC,89fb1bbf29d504319056917a58fab4904187f3b088b667df56ebc8b862d82cf9
S001012,*CC(*)(C)C(=O)OCCC[Si](O[Si](C)(C)C)(O[Si](C)(C)C)O[Si](C)(C)C,79a32bc5849988d2aa31e828ed0664b6dfe7e1a231ddaa14edbd5a86ec5fcce5
S001013,*CC(*)(C)C(=O)OCC(O)C1CC(C)(c2ccccc2)C1,cb3d5ffd1452c006bf360072024b3cf06042747f69b4162bd1ad9a79cabf64b7
S001014,*CC(*)(C)C(=O)OCC(=O)c1ccccc1,f06c135c6d773556f6b3d33e8e1b76082e0cc11def607d818572748ece92e739
S001015,*CC(*)(C)C(=O)OCc1ccc(Cl)c(Cl)c1,3e7ec3d6a379330e8e3c7780177799b8846c90a57891d4f1ed76136a080078a9
S001016,*C(C)C(*)C(=O)OCC,054e94ec3b4b959b07e2dc5933bb89b1859c55cccaded1c164e9dd7a0e31db8d
S001017,*C(C)C(*)C(=O)OCCC,eaa20aa38b0def969689d04e97b4851b9103493436b19d897bcf7ca07a6fead8
S001018,*C(C)C(*)C(=O)OC(C)C,55ceeaa3e7a634fedf5470a4ee74dedcddf33271fbafa07427cda0220baee583
S001019,*C(C)C(*)C(=O)OCCCC,6204725d46df189914e128c7e6668f02e2c9a771b45567531a0a2d18befaad51
S001020,*CCC1CC(*)C2C3CC(C12)C(C)(C(=O)OC)C3,8e84cb63bea131d2a8030a004cfb7f20b3bb0972bf57a8a48bd6a6eb49920833
S001021,*CC(*)(C)C(=O)OCc1cccc(Cl)c1,71fc2847ac2cec84d93d303b565983c960aa9ab46fe588942f1be85fcb7e53fd
S001022,*CC(*)(C)C(=O)OCc1ccc(Cl)cc1,b978f3f9217f5e1555e9f3201126a833dfc387d667a67d99445583c3f3ebf411
S001023,*CC(*)(C)C(=O)OCc1cccc(Cl)c1Cl,e4ad05b33a5bd6ad33dfbc9f561427c706b6a674869ccf51dc1a6c5e76d5cc10
S001024,*CC(*)(C)C(=O)OCc1ccc(Cl)cc1Cl,45adeff2821280c439e525b56598bf2a238d82842b181d2d15b47687d2a739cf
S001025,*CC(*)(C)C(=O)OCc1cc(Cl)ccc1Cl,d5ec11ef1e691cdc7d917313ec949777e3dd42e6bd400dde8c04d452d247e5de
S001026,*CC(*)(C)C(=O)OCc1c(Cl)cccc1Cl,ace0d6e580c6ee8f71a4caf2ba26aa75a4d1724ad307a6aa7358d22599695ed4
S001027,*CC(*)(C)C(=O)OCc1cc(Cl)cc(Cl)c1,1ba7ff687dea1e4e7e54edf95c4b531df9ef719ddb4fc807fe86d94f29ebbba3
S001028,*CC(*)(C)C(=O)Oc1ccc(/C=C/c2ccccc2)cc1,0198b58277467ff8dc9c594fd4ee71aaccaa36fdcfd71a25b1b3a7dbe961ddf2
S001029,*CC(*)(C)C(=O)Oc1c(OC)cc(/C=C/c2ccccc2)cc1OC,4b0ee960d47f197deb9ac404575caf0bd98323308d5242b4641ecfe5a7eaa581
S001030,*CCCC(*)(C)Cl,2cf54342b9aad5cdcb9bd62a4d307eb90554cfa737fdcb7f02230d25d52dc711
S001031,*CCCCCCC(Cl)C(*)Cl,853ba7d2611adfbfa0d0586cf4dbe2849f53394f5763793baade0e90a5b86330
S001032,*CCC(Cl)C(*)C,8ddcb849a220c830987e669a34df4de6439a85b06106d0539b0eef6721bf7e89
S001033,*/C=C/CCCCCCCC*,a2b286d069b0109a6a36a55148a3019f0713f3b3880fdbf6887eec310456dd46
S001034,*/C=C(/*)C(C)(C)C,8d41c89952a60e4c4a9225f7b51aeb4121b43f774c9306b72e3651747c109959
S001035,*C1C(*)C2CC1C1C=CCC12,0e7c9e3a52c60abadb807075f4cfb3d0714428f65a2b8b77e9c1f8868f129bda
S001036,*c1ccc2c(c1)C(CCCCCCCC)(CCCCCCCC)c1cc(*)ccc1-2,a322b5b3ca912f92bb15cb7c3998de05137fc09ab591244660f06503441a927a
S001037,*/C(C)=C(/*)C(C)C,554c44dd55e798b2132e0ec8165ab836e58090b6285733a40d3fea03c9def177
S001038,*OC(=O)Oc1ccc(C(C)(C)c2ccc(OC(=O)OC3CC4CC(*)CC(C3)O4)cc2)cc1,73843edc216d24e12bf60906104827192a56409946f7f3ee019439c5d71eedc2
S001039,*OC(=O)Oc1cccc(OC(=O)OC2CC3CC(*)CC(C2)O3)c1,032b77a14d628fbd36b71fa136d8f8c4286a8b30e22446f73d01bf5dc4347e6b
S001040,*OC(=O)Oc1ccc(S(=O)(=O)c2ccc(OC(=O)OC3CC4CC(*)CC(C3)O4)cc2)cc1,b9c60491df16ad44cd24fe0861f49d80431473d6df8de8248681dccfea30a481
S001041,*OC(=O)Oc1ccc(OC(=O)OC2CC3CC(*)CC(C2)O3)cc1,b8d7eee6d123ce871dedfc5acd0603736ca4f734868333236c239fa5fce439ab
S001042,*OC(=O)OC1CC2CC(*)CC(C1)O2,76e1c531a2609e9249c687cd5e00084726ed95fd8db3a2e63e689e4624f50fb5
S001043,*OC(=O)NC1CCC(CC2CCC(NC(=O)OC3CC4CC(*)CC(C3)O4)CC2)CC1,704b71798fc33e0692eb5e8c3c58516ad73fd0862122806d2e89bf803e1fd11f
S001044,*C(=O)OC1CC2CC(OC(=O)N3CCN(*)CC3)CC(C1)O2,fa62df83a1b35d7a2d4771e467765f85af1f272d89c4d1eb67e3ef039cc5e17f
S001045,*OC(=O)Nc1ccc(Cc2ccc(NC(=O)OC3CC4CC(*)CC(C3)O4)cc2)cc1,6f5b73090f15678654d795d7de356b69dfa20e19622cc3b4b6d391a17902a01f
S001046,*OC(=O)OCCOC(=O)c1ccc(C(=O)OCCOC(=O)OC2CC3CC(*)CC(C2)O3)cc1,b8745259d2097c5e4b68040b8da04236f764dbf156cbdcd62e14467274140486
S001047,*CC(O)COc1ccc(S(=O)(=O)c2ccc(OCC(O)COc3ccc(S(=O)(=O)c4ccc(O*)c(C)c4)cc3C)cc2)cc1,e733304e0d646c8880e71ec885677d13ed48168e4c2ed7801e62fb3177cbca07
S001048,*CC(O)COc1ccc(S(=O)(=O)c2ccc(OCC(O)COc3c(C)cc(S(=O)(=O)c4cc(C)c(O*)c(C)c4)cc3C)cc2)cc1,a9b354e8d7f8d5cb100f81714fab6ff410c78f119ae715b6baa282c2ca796437
S001049,*CC(O)COc1ccc(S(=O)(=O)c2ccc(O*)c(C)c2)cc1C,487b699d28ba3121ee24d436dfc810b1b080cf706ecaacf84f978681b4a2ba40
S001050,*CC(O)COc1c(C)cc(S(=O)(=O)c2cc(C)c(O*)c(C)c2)cc1C,4ae600cb6ce7c6dd7f4d0e823c91273a7594650138358c7f7f78cf8b182930ad
S001051,*CC(O)COc1ccc(C(C)(C)c2ccc(OCC(O)COc3c(C)cc(C(C)(C)c4cc(C)c(O*)c(C)c4)cc3C)cc2)cc1,e35566607439a69a46a9cc45accdd21c6f2de2b221d6a24abf9cc30194b92ff2
S001052,*CC(O)COc1c(C)cc(C(C)(C)c2cc(C)c(OCC(O)COc3ccc(S(=O)(=O)c4ccc(O*)cc4)cc3)c(C)c2)cc1C,518d0cc86230811d4b80a7c2ca63bba36f86739c184ceaaae3953addbb7d2027
S001053,*CC(O)COc1c(C)cc(C(C)(C)c2cc(C)c(O*)c(C)c2)cc1C,9db1c71dfda3eaf14df34d170b066a33e44667a0d0b27264230030a28ccd0e49
S001054,*Oc1ccc(Oc2ccc(C(=O)c3ccc(C(=O)c4ccc(*)cc4)cc3)cc2)cc1,4366a9648817d6e412df101c73922a18a8ef0bf5ece2eae098a8378da4b2df2c
S001055,*Oc1ccc(C(=O)c2ccc(Oc3ccc(C(=O)c4ccc(C(=O)c5ccc(*)cc5)cc4)cc3)cc2)cc1,4cdb164ba17d16d1704ef40edc4549290be4e346f92646f6c031683236556006
S001056,*OC(*)CCl,eca1a1fae12f79739a2cc3d7ab7cebc0ade7c4214e77227bf5418638a977cae3
S001057,*OC(*)C(Cl)Cl,391758eb72692b3a449ac5ae2da6cd7a49ff0cc8aac53c3a5c77ae4aca2597d7
S001058,*CCCCCCCC(=O)OC1COC(*)OC1,c38c8949563e5354cc83c49239326d932eeac7545c651cfe235d0abb2ae93834
S001059,*CC(C[N-][N+]#N)(C[N-][N+]#N)CO*,cd1a819be3d51867d7da99dc025341e5ef9557ef0c3c37c80dd446b29bb2695b
S001060,*c1ccc(Oc2ccc(-c3cc(-c4ccc(Oc5ccc(-c6cc(*)nc7ccccc67)cc5)cc4)c4ccccc4n3)cc2)cc1,a55e43e3f086e09b1576576339695a8ea24f5530ff311cad950fde08f2fe72c7
S001061,*OC1C(COCC)OC(*)C(OCC)C1OCC,ab1409fdc599be5cb373d9c0ec8b19c8a9f01b85a5002031fe91ca0713ce2f1d
S001062,*OC1C(CO)OC(*)C(O)C1O,239faf849b1940f97f9cda471ceebd4698dcfd14e5d1530e5d5a3b1c5d19e0d0
S001063,*OC(F)(C(*)(F)F)C(F)(F)F,cbb60199e0f4da2a6f231eaf7d1fd33457b2af97ca4cd361bfddae9bbb269a8e
S001064,*Oc1cc(C)c(*)c(C)c1Br,2411d849779ab35c5ae1922ea4ca4ee58c814eaa531834e9c2052af6a42ddb49
S001065,*c1ccc(-c2nnc(*)o2)cc1,62cd46ee526fd677e390b580c1595349aba52f947f086f6c391cf08c49638932
S001066,*Oc1ccc2[nH]c(-c3ccc4sc5ccc(-c6nc7cc(*)ccc7[nH]6)cc5c4c3)nc2c1,58a3d114b39797ba361a14cdeb4f11cc047de8cdf3de1e80ff8ea022051a9dc8
S001067,*OC(F)(F)C(F)(F)C(*)(F)F,18b305798d96d0e2912aef9ea2e5594cb7636f91cb04b0fa0567bd622ce3eee1
S001068,*c1ccc(Oc2ccc(C(=O)c3ccc(Oc4ccc(C5(*)OC(=O)c6ccccc65)cc4)cc3)cc2)cc1,b29390e3c73e1680105e3f1b491313400da4de18b0000487179c94d76557f92b
S001069,*c1ccc(Oc2ccc(S(=O)(=O)c3ccc(Oc4ccc(C5(*)OC(=O)c6ccccc65)cc4)cc3)cc2)cc1,2e2ee2cd47858d600a3cb6b2b37cadd8aad3ad2c3bd517ce205f2042f41cacf0
S001070,*Oc1ccc(S(=O)(=O)c2ccc(Oc3ccc(C(C)(C)c4ccc(Oc5ccc(C(=O)c6ccc(*)cc6)cc5)cc4)cc3)cc2)cc1,bc7fde3fb489ff41e5f5acfb6fc041c0efd225c4891eb8fb13b10122a3b300ee
S001071,*Oc1ccc(Oc2ccc(S(=O)(=O)c3ccc(Oc4ccc(C(=O)c5ccc(*)cc5)cc4)cc3)cc2)cc1,286545ab72e1c0cb82484cd344976d6ddde7e7a4fb616bcf46cf031de9d9c61b
S001072,*Oc1cccc(Oc2ccc(S(=O)(=O)c3ccc(Oc4ccc(C(=O)c5ccc(*)cc5)cc4)cc3)cc2)c1,10a464c29d4ea8d26e5e9ac4a84f5fef248cc4cdf0e31d2ea5726423e8b39846
S001073,*Oc1ccc(S(=O)(=O)c2ccc(Oc3ccc(-c4ccc(Oc5ccc(C(=O)c6ccc(*)cc6)cc5)cc4)cc3)cc2)cc1,63b95dedae20b3b77112d1dea2bb996f2599e958d20dec75e2872f829278a66d
S001074,*Oc1ccc2cc(Oc3ccc(S(=O)(=O)c4ccc(Oc5ccc(C(=O)c6ccc(*)cc6)cc5)cc4)cc3)ccc2c1,0690fd7b40b7b64c680828e0dbabac3b405b44d17a308b3304f25d70e007853f
S001075,*Oc1cccc(Oc2cccc(*)c2)c1C#N,fa9b7d91f6bd4369d5a785cd2ad65f7b3a6160441d97cd88dc82f9de60bc5ac7
S001076,*Oc1ccc(S(=O)(=O)c2ccc(Oc3ccc(C(C)(C)c4ccc(*)c(C)c4)cc3C)cc2)cc1,6510105743afcae8202bbe06a37ee5eb2668961d2eaa0df07206a25bbb9b8fac
S001077,*Oc1ccc(S(=O)(=O)c2ccc(Oc3c(C(C)C)cc(C(C)(C)c4cc(C(C)C)c(*)c(C(C)C)c4)cc3C(C)C)cc2)cc1,2983d86d4f77b9e0ed7ccb645a07e3035ac62db66daec18141bd2b8cd5d309e9
S001078,*c1ccc2oc(-c3ccc(C(c4ccc(-c5nc6cc(C(*)(C(F)(F)F)C(F)(F)F)ccc6o5)cc4)(C(F)(F)F)C(F)(F)F)cc3)nc2c1,d2d4402d6aa35eb24be50fe0154c3c7abf747c85d50241526a8bc0cb8853a1b8
S001079,*Oc1cccc(C(=O)c2ccc(*)cc2)c1,af05b876af4f392d32f10582a25005b51740c78469fd8ed86824c9ad120cee10
S001080,*CCOCCOCCOCCOC(=O)c1ccc(-c2ccc(C(=O)O*)cc2)cc1,e00edf4cbdae95fca59869896c049c80d798610da36fb52a8e1ddec67e1c0996
S001081,*Oc1ccc(Oc2ccc(C(=O)c3ccc(Oc4ccc(C(=O)c5ccc(*)cc5)cc4)cc3)cc2)cc1,da61ad610a07389a76ca178f5b7d934eec94f060260670393b7a54226926adab
S001082,*Oc1ccc(Oc2ccc(C(=O)C(=O)c3ccc(*)cc3)cc2)cc1,d6b7870460886c9cd0fc84b4e6e898ff232462a037097a01ea74526de106d89d
S001083,*CCCCCOc1ccc(CCc2ccc(O*)cc2C)cc1,f57482e59b7497f0c5ef65b2329d39f935623f02dc9de136b8304eb5fdcbe4de
S001084,*CCCCCCCOc1ccc(CCc2ccc(O*)cc2C)cc1,0769c3deeba54c4c6a4f486dbd71475063b96bfa4007aacd8050fedf429bf9b0
S001085,*CCCCCCCCCOc1ccc(CCc2ccc(O*)cc2C)cc1,a8c23c09195a480dbb295920dd9a6363c93d2b2f52b687c5482c3dbd2076308d
S001086,*CCCCCCCCCCCOc1ccc(CCc2ccc(O*)cc2C)cc1,dd2512f07001feb1bae9e764ea817183e6b9258780cb863d5fd3158aab45f71f
S001087,*C(=O)Oc1ccc(C(C)(C)c2ccc(OC(=O)c3ccc4c(c3)C(=O)n3c-4nc4ccc(Oc5ccc6c(c5)nc5n6C(=O)c6ccc(*)cc6-5)cc43)cc2)cc1,48a7c20c6a1b202c3f1385462be1b8e6cfd22173495ce7766fd93287c482b1cd
S001088,*Oc1cc(C)c(C(c2cc(C(C)C)c(Oc3ccc(C(=O)c4ccc(*)cc4)cc3)cc2C)c2ccccc2C(=O)O)cc1C(C)C,f128cb48e451c03c8c8691c37152dd86b2724aa4082e0ace821164d506f55531
S001089,*Oc1ccc(NC(=O)c2ccc3cc(C(=O)Nc4ccc(Oc5ccc(C(c6ccc(*)cc6)(C(F)(F)F)C(F)(F)F)cc5)cc4)ccc3c2)cc1,e59a10b5716a7fa22ccb3e3bf7902f9742094b79e898fcf167f566c036e9c529
S001090,*Oc1ccc(C(C)(C)c2ccc(Oc3nc(*)nc(OC)n3)cc2)cc1,0de35f6241cc302bcb9fe91b218283466a19a0290d03fe6dadad81bca09add0f
S001091,*Oc1ccc(NC(=O)c2ccc(C(c3ccc(C(=O)O)c(C(=O)Nc4cc(*)ccc4N)c3)(C(F)(F)F)C(F)(F)F)cc2C(=O)O)c(N)c1,230c4fa507ae7fef5860da7c13b6396b73339596b5a2b76b044f01ccb59e00a7
S001092,*c1ccc2c(c1)-c1nc3cc(Oc4ccc5c(c4)nc4n5C(=O)c5cc(C(*)(C(F)(F)F)C(F)(F)F)ccc5-4)ccc3n1C2=O,3059bdbb3ce0f3f77d602c7a91ba002c53b5fb6ba023411c162d2b2eb63fc471
S001093,*CC(CS(C)(=O)=O)O*,037684c06a4f2306eb1baf5ffe1d0db65850afd036c91166a6493b7dbfc7e50a
S001094,*CC(CS(=O)(=O)CC)O*,bf7d9e8a90d14395b7fcf678514e473dc1c2def580102c0d9b1efd7de485ea97
S001095,*CC(CS(=O)(=O)CCC)O*,5a477dad7ccd0bf0713e6e1431a487300bdc452121c7ae204a2760e930059cd3
S001096,*CC(CS(=O)(=O)C(C)C)O*,6ce73a9857e855ae85c7d51c7f899a1dcc30538ba5f0473609819409c63c1e1b
S001097,*CC(CS(=O)(=O)CCCC)O*,77264a2e5d7d3faff57363bfbb817fcff856ce41c4e3096e3ce02f00b63318ec
S001098,*CC(CS(=O)(=O)CCCCC)O*,8bbff51b8abb0abf9f188407c52b149ed975f69da3846e102ab2319fad2b3615
S001099,*CC(CO*)(CS(C)(=O)=O)CS(C)(=O)=O,99931e6c8ce8cb86f2598f9be76e507e5b1d1e5e4a1b5dfd4db68e4a24480209
S001100,*CCCCCCCCCCOc1ccc(/N=C/c2ccc(/C=N/c3ccc(O*)cc3C)cc2)c(C)c1,7a793821e009f0db79d8a7a915872b38cfe2110848a178c92631fb45ca7fcab4
S001101,*Oc1ccc(S(=O)(=O)c2ccc(Oc3ccc(C(C)(C)c4ccc(*)cc4)cc3[N+](=O)[O-])cc2)cc1,b01ccfb25134ba1943e699af27a40240d0750e06a9ba57f4b4877ac8102d0b03
S001102,*Oc1ccc(S(=O)(=O)c2ccc(Oc3ccc(C(C)(C)c4ccc(*)cc4)cc3)c([N+](=O)[O-])c2)cc1[N+](=O)[O-],05d6255744d29b89b7f024a0e9583d66eb7b6b79cd844ea82b228915205e83b7
S001103,*Oc1ccc(S(=O)(=O)c2ccc(Oc3ccc(C4(c5ccc(*)c(C)c5)CCCCC4)cc3C)cc2)cc1,2fd451fb318785d1ce94b93841986cc3fcbc6ec60917b569e1654b502c590fe3
S001104,*Oc1ccc(S(=O)(=O)c2ccc(Oc3c(C)cc(Cc4cc(C)c(*)c(C)c4)cc3C)cc2)cc1,5741e049af9159b4184170db763580d0b2fc2ece8451109c73787c1001d6ef0a
S001105,*Oc1ccc(S(=O)(=O)c2ccc(Oc3c(C)cc(C(c4cc(C)c(*)c(C)c4)(C(F)(F)F)C(F)(F)F)cc3C)cc2)cc1,c3742af2f44a85610195e4a603465e8fa0e461229241af4444986f8b4774b166
S001106,*Oc1ccc(C(C)(C)c2ccc(Oc3ccc(C(=O)c4ccc(C(C)(C)c5ccc(C(=O)c6ccc(*)cc6)cc5)cc4)cc3)cc2)cc1,20f395a0c4a8c02dbc3207e494e77b29538035cf0a2a73916dd4c9ecfa92785c
S001107,*Oc1ccc(C(c2ccc(Oc3ccc(C(=O)c4ccc(C(C)(C)c5ccc(C(=O)c6ccc(*)cc6)cc5)cc4)cc3)cc2)(C(F)(F)F)C(F)(F)F)cc1,7c4fea2283ffdd0753e58b29fb6dfe8aec59595ca0257fa5d34459aedad73c37
S001108,*Oc1ccc(C(C)(C)c2ccc(Oc3ccc(C(=O)c4ccc(C(c5ccc(C(=O)c6ccc(*)cc6)cc5)(C(F)(F)F)C(F)(F)F)cc4)cc3)cc2)cc1,190243f9f9a15499b9bab47465a165c6829d5d79628b1a98d40e14c7383b70e1
S001109,*Oc1ccc(C(c2ccc(Oc3ccc(C(=O)c4ccc(C(c5ccc(C(=O)c6ccc(*)cc6)cc5)(C(F)(F)F)C(F)(F)F)cc4)cc3)cc2)(C(F)(F)F)C(F)(F)F)cc1,9fe6fc72122d3f3bd124b18e61593fd4d29f83cb2e3a05ae1ed8fc010cccb0cf
S001110,*CC(=C)COCC(=C)COC(=O)O*,5c286d78cdfa149dd19757fa8a2d3eee4ff5830d151f3e913b6663ea68caa53c
S001111,*OC1C(COC(C)=O)OC(*)C(OC(C)=O)C1OC(C)=O,48cdbb44f0e942f024f59bcc8409e062e0b518dd1cb9eba4ac04f53657a68522
S001112,*Oc1ccc(S(=O)(=O)c2ccc(Oc3ccc(C45CC6CC(CC(c7ccc(*)cc7)(C6)C4)C5)cc3)cc2)cc1,06254112cbef382b1460bf4a9585aa103d4b1f7e2ee6c7ebf4bad2e62aaaf024
S001113,*Oc1ccc(S(=O)(=O)c2ccc(Oc3ccc(C4(c5ccc(*)cc5)C5CC6CC(C5)CC4C6)cc3)cc2)cc1,020808218da6f011a22e2e27ca75d4ccb9cb6483dd2a5e2da31bbfef57a4ad1c
S001114,*Oc1ccc(S(=O)(=O)c2ccc(Oc3c(C)cc(C4CCC(C(C)(C)c5cc(C)c(*)c(C)c5)CC4C)cc3C)cc2)cc1,d3f02bb1d652a6b2855b3604f573c63943a769f4dd5b0d9706dd841bdd8b725a
S001115,*Oc1ccc(SC(=O)Sc2ccc(*)cc2)cc1,f1d4a16e65615bfa2820238ad763b1986399fcc7f050f632ff96a75b6b7d5516
S001116,*Oc1ccc(SC(=O)Oc2ccc(C(C)(C)c3ccc(OC(=O)Sc4ccc(*)cc4)cc3)cc2)cc1,463cd958ce21855f466b83fce2de061933edba04a8505ef49115591ecc4bfcd3
S001117,*Oc1cccc(Oc2ccc(S(=O)(=O)c3ccc(*)cc3)cc2)c1,489d6854bd45b80a09d5f0ebcc942913a3586c8a212f9e571930eaa1821006ee
S001118,*Oc1ccccc1Oc1ccc(S(=O)(=O)c2ccc(*)cc2)cc1,746751b82db9484d052a9919f51e1d5084310b7e29b59d44a574edb89e68f15f
S001119,*Oc1ccc(S(=O)(=O)c2ccc(Oc3ccc(S(=O)(=O)c4ccc(-c5ccc(S(=O)(=O)c6ccc(*)cc6)cc5)cc4)cc3)cc2)cc1,a52f1d4cab9367a5b19de61017880e987b958c295f48a500e8c2fb82370f01a8
S001120,*Oc1ccc(Oc2ccc(S(=O)(=O)c3ccc(-c4ccc(S(=O)(=O)c5ccc(*)cc5)cc4)cc3)cc2)cc1,a098f718a83444ee171368ad842ad1c3a7e5c81a34fb6d9370bc118edd30f534
S001121,*Oc1c(C)cc(-c2cc(C)c(Oc3ccc(C(=O)c4ccc(*)cc4)cc3)c(C)c2)cc1C,2d48c60a98de41de9d1d6e3c545dd3840ab15288d4cf1d5d82d5308f44ef1d44
S001122,*Oc1ccc(NC(=O)c2cc(C(=O)Nc3ccc(Oc4ccc(C(C)(C)c5ccc(*)cc5)cc4)cc3)cc(C(C)(C)C)c2)cc1,a2d08a89f146f2b3d1bbad7ecf5d93a8b610a2c1547e67076c62cd585d2972ef
S001123,*Oc1ccc(Oc2ccc(C(=O)c3ccc(*)cc3)cc2)cc1-c1ccccc1,b1bc44cfb2a6b463bafb496c9fa7de9e71ab62772899b0d1889dfb56fa43188b
S001124,*Oc1ccc(C2(c3ccc(Oc4ccc(C(=O)c5ccccc5-c5ccccc5C(=O)c5ccc(*)cc5)cc4)cc3)c3ccccc3-c3ccccc32)cc1,333a3d17f83dd154bbca84e4b731ff563cc9908d57a6aa303a2cdd5a8dbe592b
S001125,*Oc1ccc(C(c2ccc(Oc3ccc(C(=O)c4cccc(-c5cccc(C(=O)c6ccc(*)cc6)c5)c4)cc3)cc2)(C(F)(F)F)C(F)(F)F)cc1,69c90d2916995bd6c22987635df015e7e3a9998e9bdca2197a370875a961cb24
S001126,*Oc1ccc(C2(c3ccc(Oc4ccc(C(=O)c5cccc(-c6cccc(C(=O)c7ccc(*)cc7)c6)c5)cc4)cc3)c3ccccc3-c3ccccc32)cc1,57fb1e140f611ba6283719ebb8952b979aef68bb5d37b25116a7c2e5032fe4c6
S001127,*Oc1c(C)cc(-c2cc(C)c(Oc3ccc(C(=O)c4ccccc4-c4ccccc4C(=O)c4ccc(*)cc4)cc3)c(C)c2)cc1C,7b4beb45978e71d9aeb76779e65086deec2033c4816348bd6ffd6b9a7a9540ba
S001128,*Oc1ccc(C(=O)c2ccc(Oc3ccc(C(c4ccc(*)cc4)(C(F)(F)F)C(F)(F)F)cc3)cc2)c2ccccc12,86bfc312c44fcc297d26254e015c86ed90b48c598f786dfcd772c67a0928f2d2
S001129,*Oc1ccc(C(=O)c2ccc(Oc3ccc(C4(c5ccc(*)cc5)c5ccccc5-c5ccccc54)cc3)cc2)c2ccccc12,599539b262f0a5e2ba5085414911b2dcec0dd397bddfe6c2d72527b17f64f52b
S001130,*Oc1cc(C(=O)c2ccccc2)c(Oc2ccc(*)cc2)cc1C(=O)c1ccccc1,9617c0268f15be3a081576ffe9ae64fdc4eecdab5afbd161e119bd415b7b6218
S001131,*OC([2H])([2H])C(*)([2H])[2H],dde87a8212657bc887f40e54b8940553eb8a60b692089f27cb400a5419ce78c4
S001132,*c1sc(*)c2c1OCC(CCCCCC)O2,03baa81dd7f1256e6910cdc3c087a9252c99ddf89285e86c814781acd99f6518
S001133,*/C=C/c1sc(*)c2c1OC(CCCCCC)CO2,be024d92933fc9d8f9f60ff9db350389acb7120801bc5269771d5dadc3701eaa
S001134,*c1sc(*)c2c1OCCO2,9ec839e9bc767249241676f250cd0fd53f113b59e6d0a2887d4007599abd2919
S001135,*OC1C(CO)OC(*)C(N)C1O,2cb5fe083d50f181ce8311b5ec7fa9370eb346994a2451578694b256d2058486
S001136,*CCC(O*)(C(F)(F)F)C(F)(F)F,cdce5750cad5257aaeaf22686155b56a7f16543ba04007d376266aa2a9d877d7
S001137,*COC1OC(*)C(O)C(O)C1O,ae7d9c02be5600c19e4b360ff3eaef4041f6f1028e7c2e97ad415b323b27496e
S001138,*Oc1ccc(S(=O)(=O)c2ccc(Oc3ccc(C(=O)c4cc(Br)cc(C(=O)c5ccc(*)cc5)c4)cc3)cc2)cc1,c3e110b43a85da2a1059837f8fd96efacebb9741a50a5706f147b037cf9ae25a
S001139,*Oc1ccc(S(=O)(=O)c2ccc(Oc3ccc(C(=O)c4cc(I)cc(C(=O)c5ccc(*)cc5)c4)cc3)cc2)cc1,04bd9908c867cf5a22e6f1a6dc64ced2c66fc69ce097eef5616d6255f95fc4b4
S001140,*Oc1ccc(S(=O)(=O)c2ccc(Oc3ccc(C(=O)c4cc(C(=O)c5ccc(*)cc5)cc(C(C)(C)C)c4)cc3)cc2)cc1,987dea0e6ed2a7fdbe9a2b1b0cf415195c7ac118cba7b4d8069d12cd2996f88f
S001141,*Oc1ccc(C(c2ccc(Oc3ccc(C(=O)c4cccc(C(=O)c5ccc(*)cc5)c4)cc3)cc2)(C(F)(F)F)C(F)(F)F)cc1,5a62f215ccc348c20c8a4459f519547fb2a158b8347355ddce215d825fce07c5
S001142,*Oc1ccc(C(c2ccc(Oc3ccc(C(=O)c4cc(C(=O)c5ccc(*)cc5)cc(C(C)(C)C)c4)cc3)cc2)(C(F)(F)F)C(F)(F)F)cc1,4dd7b6d36be473ccb3996e100efe73a9a7110f5b40eae8b07433122c7697fc3a
S001143,*c1ccc(Oc2ccc(S(=O)(=O)c3ccc(Oc4ccc(C5(*)OC(=O)c6ccccc65)cc4C)cc3)cc2)c(C)c1,10a9cc7f7687ec95065888cb64f9aba7f7ab07c8d69f6d12f220f10c6f6c440d
S001144,*c1cc(C)c(Oc2ccc(S(=O)(=O)c3ccc(Oc4cc(C)c(C5(*)OC(=O)c6ccccc65)cc4C)cc3)cc2)cc1C,9783002089f6252cb103ae65d681f57df6d6cc27ff10811c41fd4eb2b1c942a6
S001145,*c1cc(C(C)C)c(Oc2ccc(S(=O)(=O)c3ccc(Oc4cc(C)c(C5(*)OC(=O)c6ccccc65)cc4C(C)C)cc3)cc2)cc1C,45958beced1ce1611415efa212226902b53b7006455c946b090a8346288089a6
S001146,*Oc1ccc(S(=O)(=O)c2ccc(Oc3cc(C)c(C(c4cc(C(C)C)c(*)cc4C)c4ccccc4C(=O)O)cc3C(C)C)cc2)cc1,f2466b281d0681c951db33cda45374d7864a51bb76716cb795df30836b664235
S001147,*Oc1ccc(S(=O)(=O)c2ccc(Oc3ccc(C(c4ccc(*)cc4)c4ccccc4C(=O)O)cc3)cc2)cc1,0774fdead7714f91a277eb76f943802b878e6acb3f5cca405102f15a4af6f31a
S001148,*Oc1ccccc1C(=O)Oc1ccc(C(C)(C)c2ccc(OC(=O)c3ccccc3Oc3nc(*)nc(N4CCOCC4)n3)cc2)cc1,82978d115e7c0e81e17ad6c8f92545b3206351aa3a569d0e1fbc691879579978
S001149,*Oc1ccccc1C(=O)Oc1ccc(C2(c3ccc(OC(=O)c4ccccc4Oc4nc(*)nc(N5CCOCC5)n4)cc3)CCCCC2)cc1,a124ebdcb56e31f5822ddef7e9d97c9fd3f0ab42a5accdfb9e421be707a4b76e
S001150,*Oc1ccccc1C(=O)Oc1ccc(S(=O)(=O)c2ccc(OC(=O)c3ccccc3Oc3nc(*)nc(N4CCOCC4)n3)cc2)cc1,ad143299b439bb461770b89b16fc9aa6e37f741bbf2ffb61103aa854fead56fd
S001151,*Oc1ccccc1C(=O)Oc1ccc(C2(c3ccc(OC(=O)c4ccccc4Oc4nc(*)nc(N5CCOCC5)n4)cc3)OC(=O)c3ccccc32)cc1,a94c1109c2e441b3a73951fc7380cbad4bc95703a963385433512f8be07b7485
S001152,*Oc1ccc(SSc2ccc(*)cc2)cc1,4577c559f40b9c96060b96fd72025b39be45a1220dcb1c849766805ec83aa27c
S001153,*Oc1c(C(=O)Oc2ccc(C(C)(C)c3ccc(OC(=O)c4ccc5ccccc5c4Oc4nc(*)nc(N5CCCCC5)n4)cc3)cc2)ccc2ccccc12,d82fc9350fc06986744ec8e7ab036587a7294c96fa7378344b9352ef6bd72a28
S001154,*Oc1c(C(=O)Oc2ccc(C3(c4ccc(OC(=O)c5ccc6ccccc6c5Oc5nc(*)nc(N6CCCCC6)n5)cc4)CCCCC3)cc2)ccc2ccccc12,39eefb8ef4c12d0db6b46a5e17c936a1e2991c373f9ee64cbbe294fc9809b214
S001155,*Oc1c(C(=O)Oc2ccc(C3(c4ccc(OC(=O)c5ccc6ccccc6c5Oc5nc(*)nc(N6CCCCC6)n5)cc4)OC(=O)c4ccccc43)cc2)ccc2ccccc12,07b8f04534caa975b474c93f9020ebc83952815a6297869815357771c899223e
S001156,*Oc1c(C(=O)Oc2cccc3c2C(=O)c2cccc(OC(=O)c4ccc5ccccc5c4Oc4nc(*)nc(N5CCCCC5)n4)c2C3=O)ccc2ccccc12,0c181e9743d4b1ae6b4778c942f08b390b6a1b3964dd2cda5f3a1c0e2bb0a80e
S001157,*Oc1c(C(=O)Oc2ccc(OC(=O)c3ccc4ccccc4c3Oc3nc(*)nc(N4CCCCC4)n3)c3c2C(=O)c2ccccc2C3=O)ccc2ccccc12,392dbfea577d1a81b63bc1c7d036bf706cf1741460a2bccab2835fddfb828445
S001158,*Oc1c(C(=O)Oc2cccc(OC(=O)c3ccc4ccccc4c3Oc3nc(*)nc(N4CCCCC4)n3)c2)ccc2ccccc12,0ee27d6f5c939e4924345b552b28a5e57f724bf6e254daddac4f026e4c82c4e9
S001159,*Oc1c(C(=O)Oc2ccc(OC(=O)c3ccc4ccccc4c3Oc3nc(*)nc(N4CCCCC4)n3)cc2)ccc2ccccc12,b001d0ba4ab3c42f52b42c5e8a32bad9524ece66d0c38aa288499fb5b2b5b4db
S001160,*Oc1c(C(=O)Oc2ccccc2OC(=O)c2ccc3ccccc3c2Oc2nc(*)nc(N3CCCCC3)n2)ccc2ccccc12,623299e31957ece83e0ccedd81b3e838631e685a4060bac902d113eeff47516f
S001161,*Oc1c(C(=O)OCCOC(=O)c2ccc3ccccc3c2Oc2nc(*)nc(N3CCCCC3)n2)ccc2ccccc12,a7b253fef1842d3c87721760731c801bb87880202e42a2d01e5d8eebb68f6883
S001162,*Oc1c(C(=O)OCCOCCOC(=O)c2ccc3ccccc3c2Oc2nc(*)nc(N3CCCCC3)n2)ccc2ccccc12,da1f5f61c8e6ae0dfab38678c559371e5d7e6fd154a7c4fa572b79d3eeb947bb
S001163,*Oc1c(C(=O)OCCOCCOCCOC(=O)c2ccc3ccccc3c2Oc2nc(*)nc(N3CCCCC3)n2)ccc2ccccc12,0ee626f5af6afc3765016c52b204b8d2fe696b5807f6587a9e630fd9adb4fc41
S001164,*Oc1ccc(S(=O)(=O)c2ccc(Oc3ccc(C(c4ccc(*)c([Si](C)(C)C)c4)(C(F)(F)F)C(F)(F)F)cc3[Si](C)(C)C)cc2)cc1,9cb2612ec8ea724ee9551e60592878311770686cc1dd1f2cdc212b61ed26dfdf
S001165,*Oc1ccc(S(=O)(=O)c2ccc(Oc3ccc(C(c4ccc(*)cc4)(C(F)(F)F)C(F)(F)F)cc3)cc2[Si](C)(C)C)c([Si](C)(C)C)c1,77ecd2503412c44dce23e2bc4e24b19ca29ebff31a46e3a13a81b44a454ceb7d
S001166,*Oc1ccc(S(=O)(=O)c2ccc(Oc3ccc(C(c4ccc(*)c([Si](C)(C)C)c4)(C(F)(F)F)C(F)(F)F)cc3[Si](C)(C)C)cc2[Si](C)(C)C)c([Si](C)(C)C)c1,f875c3585d4be2f61a88b87e36e3f0acf4a879870fb184496a83578648c1284c
S001167,*Oc1ccc(S(=O)(=O)c2ccc(Oc3c(C)cc(C(c4cc(C)c(*)c(C)c4)(C(F)(F)F)C(F)(F)F)cc3C)cc2[Si](C)(C)C)c([Si](C)(C)C)c1,cbb8ab2b6ea8f0578869e51eeb1fbf19a094029420db528e12c7a0507d1dcebd
S001168,*C(F)(F)C1(*)OC(F)(F)C(F)(C(F)(F)F)O1,d8f99885b1d67334230ea9890cc85c69fdce66ca7f996e4162f857ef6b7504b4
S001169,*Oc1ccccc1C(=O)Oc1ccc(C(C)(C)c2ccc(OC(=O)c3ccccc3Oc3nc(*)nc(N(CC)c4ccccc4)n3)cc2)cc1,0219981abaa5ada9ad7c53577e3810330573bbb7633d71792c298273b0c254fb
S001170,*Oc1ccccc1C(=O)Oc1ccc(C2(c3ccc(OC(=O)c4ccccc4Oc4nc(*)nc(N(CC)c5ccccc5)n4)cc3)OC(=O)c3ccccc32)cc1,690897028c9d0f31e92ffce904ebdc5dc2048577c8744dcff82727bdb16d1700
S001171,*Oc1ccccc1C(=O)Oc1ccc(OC(=O)c2ccccc2Oc2nc(*)nc(N(CC)c3ccccc3)n2)c2c1C(=O)c1ccccc1C2=O,1f601437d39922ca32fd9b23e3aaa28dba91ac1354c013adf823de9dba16ef6f
S001172,*Oc1ccccc1C(=O)Oc1cccc2c1C(=O)c1c(OC(=O)c3ccccc3Oc3nc(*)nc(N(CC)c4ccccc4)n3)cccc1C2=O,5b3a7251986f80ffc209a19c269681b23f975a3e148cb5554b8004a44881506a
S001173,*Oc1ccccc1C(=O)Oc1ccccc1OC(=O)c1ccccc1Oc1nc(*)nc(N(CC)c2ccccc2)n1,ee250e9ad23ee300768b2165f6e138fffe445199a1d86598e4ff3ed81e0c07eb
S001174,*Oc1ccccc1C(=O)Oc1cccc(OC(=O)c2ccccc2Oc2nc(*)nc(N(CC)c3ccccc3)n2)c1,451776d93d0aca25383d09541ba33a7ec882c82701ff29c1b620c8dfd61b116b
S001175,*Oc1cc(C(C)(C)C)c(Oc2ccc(C(=O)Nc3ccc(C(C)(C)c4ccc(NC(=O)c5ccc(*)cc5)cc4)cc3)cc2)cc1C(C)(C)C,0215860987305735bb2c96425590c18ce3fc1bff9af482713d29e6486d0df5ea
S001176,*Oc1cc(C(C)(C)C)c(Oc2ccc(C(=O)Nc3ccc(C(C)(C)c4ccc(NC(=O)c5ccc(*)cc5)c(C)c4)cc3C)cc2)cc1C(C)(C)C,3fd7890a60ecfd57b8d3dd5d0ac79c23b6f0dc42155bd905d14c6a7fdc389ffe
S001177,*Oc1cc(C(C)(C)C)c(Oc2ccc(C(=O)Nc3c(C)cc(C(C)(C)c4cc(C)c(NC(=O)c5ccc(*)cc5)c(C)c4)cc3C)cc2)cc1C(C)(C)C,658137a5591217a6505d7d9bb0e0266af038aac6e2f80fbc9796db7d71b6554f
S001178,*Oc1cc(C(C)(C)C)c(Oc2ccc(C(=O)Nc3c(C)cc(Cc4cc(C)c(NC(=O)c5ccc(*)cc5)c(C(C)C)c4)cc3C(C)C)cc2)cc1C(C)(C)C,701c8f1a4bc7dea08556d2ba97328552416cacd2a23f8a4b84f37db99dbda768
S001179,*Oc1cc(C(C)(C)C)c(Oc2ccc(C(=O)Nc3ccc(C(c4ccc(NC(=O)c5ccc(*)cc5)cc4)(C(F)(F)F)C(F)(F)F)cc3)cc2)cc1C(C)(C)C,8b0754f627a6c7ae59d19a11af68a73a29ea34519b7829b5101944595180a8be
S001180,*Oc1ccccc1C(=O)Oc1ccc(C(=C(Cl)Cl)c2ccc(OC(=O)c3ccccc3Oc3nc(*)nc(N(CC)c4ccccc4)n3)cc2)cc1,82670a52998c1aadfc63335a884594b929114bc34c6fc39410069c05309f4961
S001181,*Oc1ccccc1C(=O)Oc1ccc(OC(=O)c2ccccc2Oc2nc(*)nc(N(CC)c3ccccc3)n2)cc1,5907cfa6c61ef0a77d214377192c36f87fd80d183b15b002a8b3ddf0493ac422
S001182,*Oc1ccccc1C(=O)OCCOC(=O)c1ccccc1Oc1nc(*)nc(N(CC)c2ccccc2)n1,e4305aff9d49ef4c096e767dad23a50fb27806cfcfb443ef87c80092890103c6
S001183,*Oc1ccccc1C(=O)OCCOCCOC(=O)c1ccccc1Oc1nc(*)nc(N(CC)c2ccccc2)n1,6ce61f8c702d3e3e57f67178aa02d88b9db02d493efe389e9bba4866e50d685e
S001184,*Oc1ccccc1C(=O)OCCOCCOCCOC(=O)c1ccccc1Oc1nc(*)nc(N(CC)c2ccccc2)n1,e3c331bb81252d3da017c7b8fc6d3191f2aaf9e340fbcd282d5bff5264972036
S001185,*Oc1ccc(C(C)(C)c2ccc(Oc3nc(*)nc(Oc4ccc([N+](=O)[O-])cc4)n3)cc2)cc1,db9966075511a380b107131150b6085e92d28c852d0ec5ece26a3264d6dd3a57
S001186,*Oc1ccc(Oc2ccc(C(=O)c3ccc(C(=O)c4ccc(*)cc4)c4ccccc34)cc2)cc1,6a14f99a7e0acf233f30c9d51509b266add406fac1fe93b1e170a804bd1b15ff
S001187,*/C=C/c1ccc(N(C)CCOC(=O)Nc2ccc(C)c(NC(=O)OCCN(C)c3ccc(/C=C/C4=CC(=C(C#N)C#N)C=C(*)O4)s3)c2)s1,c8b8dbe7884a4d7dcfa4f47ba995e7c5fced3af37f22a5f4c8fa33ba5a1cb714
S001188,*OC(=O)Nc1ccc(C)c(NC(=O)OC2CCN(c3ccc(/C=C/C4=CC(=C(C#N)C#N)C=C(/C=C/c5ccc(N6CCC(*)CC6)s5)O4)s3)CC2)c1,230e3fdc101482d5ba4917c2a947acf2c366f5f29c75815fed5fb55a27e79ae5
S001189,*/C=C/c1ccc(/N=N/c2ccc(N(C)CCOC(=O)Nc3ccc(C)c(NC(=O)OCCN(C)c4ccc(/N=N/c5ccc(/C=C/C6=CC(=C(C#N)C#N)C=C(*)O6)cc5)cc4)c3)cc2)cc1,32a72bd3eb7c39f0403fd24be84271084f8a01a21ed12b6de5605c9f6cec66a0
S001190,*Oc1cc2ccccc2cc1C(=O)Nc1ccc(C(=O)Nc2ccc(NC(=O)c3cc4ccccc4cc3Oc3nc(*)nc(Nc4ccc5ccccc5c4)n3)cc2)cc1,5d1b53a615a253d033489ac01ac84e8c6acfd552a9f38c661417312e5d55b571
S001191,*Oc1cc2ccccc2cc1C(=O)Nc1ccc(S(=O)(=O)c2ccc(NC(=O)c3cc4ccccc4cc3Oc3nc(*)nc(Nc4ccc5ccccc5c4)n3)cc2)cc1,c4f2087348dee83ff883ef321961d4bb558ac4f93bb33fc78c935126272b1aac
S001192,*Oc1cc2ccccc2cc1C(=O)Nc1ccc(NS(=O)(=O)c2ccc(NC(=O)c3cc4ccccc4cc3Oc3nc(*)nc(Nc4ccc5ccccc5c4)n3)cc2)cc1,038330ef6fe428edbf875de681302d351d11f14129cbd9608c7c83ebac9c75e5
S001193,*Oc1cc2ccccc2cc1C(=O)Nc1ccc(-c2ccc(NC(=O)c3cc4ccccc4cc3Oc3nc(*)nc(Nc4ccc5ccccc5c4)n3)cc2)cc1,6db43f435c1f975d3f103fd3ad2a11b7735bdc51f8c0260d4281968ffa8233d9
S001194,*Oc1cc2ccccc2cc1C(=O)Nc1ccc(C)c(NC(=O)c2cc3ccccc3cc2Oc2nc(*)nc(Nc3ccc4ccccc4c3)n2)c1,c6df09bc6504233609cc3a01ea840bf816adf5b785a6437c5fa204fd9212db36
S001195,*Oc1cc2ccccc2cc1C(=O)Nc1ccc(Cc2ccc(NC(=O)c3cc4ccccc4cc3Oc3nc(*)nc(Nc4ccc5ccccc5c4)n3)cc2)cc1,73b01616e7375cef48ccd35407490f2f290ddcf212f86cb38d678ddba5bcdf0c
S001196,*Oc1cc2ccccc2cc1C(=O)Nc1ccc(NC(=O)c2cc3ccccc3cc2Oc2nc(*)nc(Nc3ccc4ccccc4c3)n2)cc1,dbf87d57fb5f873d20593d8f9abdeb5dbd99464a1fb53a5f3183296fa257976f
S001197,*Oc1ccc(S(=O)(=O)c2ccc(Oc3ccc(C(C)(C)c4ccc(*)c(C(O)(C(F)(F)F)C(F)(F)F)c4)cc3C(O)(C(F)(F)F)C(F)(F)F)cc2)cc1,a8331d6e254cb9410c966a9be2ea76069da16376901f2952788f07ed71d7de06
S001198,*Oc1ccc(S(=O)(=O)c2ccc(Oc3ccc(C(C)(C)c4ccc(*)c(C(OC)(C(F)(F)F)C(F)(F)F)c4)cc3C(OC)(C(F)(F)F)C(F)(F)F)cc2)cc1,789e0fc5901f298a495b96b18533978420d327318ff8251455ffd727c9d2d0a4
S001199,*Oc1ccc(S(=O)(=O)c2ccc(Oc3c(C)cc(C(C)(C)c4cc(C)c(*)c(C)c4)cc3C)cc2C(O)(C(F)(F)F)C(F)(F)F)c(C(O)(C(F)(F)F)C(F)(F)F)c1,a0df444466b30cc20a7a3dc4f3a93e43a02fda45728306ec2d53fdc6cc871af5
S001200,*Oc1ccc2cc(Oc3ccc(S(=O)(=O)c4ccc(*)cc4)cc3)ccc2c1,c16b9e30fed9c55bb512d14b7607e32bd183182555db3366471e5e73ba451661
S001201,*Oc1ccc2cc(C(=O)Oc3ccc(C(C)(C)c4ccc(OC(=O)c5ccc6cc(Oc7nc(*)nc(N8CCN(C)CC8)n7)ccc6c5)cc4)cc3)ccc2c1,f49c7af591f9d12bba9cb264fa01cdc45cf3b09c6fe02170fe25293e41f950a5
S001202,*Oc1ccc2cc(C(=O)Oc3ccc(S(=O)(=O)c4ccc(OC(=O)c5ccc6cc(Oc7nc(*)nc(N8CCN(C)CC8)n7)ccc6c5)cc4)cc3)ccc2c1,e7bf22c61708bcc9ad328287224c48d9c24cdec96bbc3b500c90d0a6c0ba15cf
S001203,*Oc1ccc2cc(C(=O)Oc3ccc(OC(=O)c4ccc5cc(Oc6nc(*)nc(N7CCN(C)CC7)n6)ccc5c4)c4c3C(=O)c3ccccc3C4=O)ccc2c1,8b72f4654b0bc2c2319483d267216d7d1d2d265eb3c7fcd6d067d90713b83eed
S001204,*Oc1ccc2cc(C(=O)Oc3ccc(C4(c5ccc(OC(=O)c6ccc7cc(Oc8nc(*)nc(N9CCN(C)CC9)n8)ccc7c6)cc5)OC(=O)c5ccccc54)cc3)ccc2c1,894cbc91fbabb2f850c1c99008e58a2785a3fa5374f0153c58cb8b4cb3ce0f93
S001205,*Oc1ccc2cc(C(=O)Oc3ccccc3OC(=O)c3ccc4cc(Oc5nc(*)nc(N6CCN(C)CC6)n5)ccc4c3)ccc2c1,ba6fa79af553ae9ead1310864eb3220bc871df44bd62d6c4c64cf1f6b2c9e216
S001206,*Oc1ccc2cc(C(=O)Oc3cccc(OC(=O)c4ccc5cc(Oc6nc(*)nc(N7CCN(C)CC7)n6)ccc5c4)c3)ccc2c1,ee1446a01f983db8874c9bc254b98847028ff5936eb583eb0d3539059cfa611e
S001207,*Oc1ccc2cc(C(=O)OCCOC(=O)c3ccc4cc(Oc5nc(*)nc(N6CCN(C)CC6)n5)ccc4c3)ccc2c1,93af75da5a885a91984f4842c6801f91d48b3614f7e9a0811ddd6e3f66af011f
S001208,*Oc1ccc2cc(C(=O)Oc3ccc(C(C)(C)c4ccc(OC(=O)c5ccc6cc(Oc7nc(*)nc(N8CCN(C)CC8)n7)ccc6c5)c(C)c4)cc3C)ccc2c1,41269f2f984bac2ec64005a2323cf569a1aa4d24ad5eb62a49f4d5a33cd3bb0e
S001209,*Oc1ccc2cc(C(=O)Oc3cccc4c3C(=O)c3c(OC(=O)c5ccc6cc(Oc7nc(*)nc(N8CCN(C)CC8)n7)ccc6c5)cccc3C4=O)ccc2c1,ae63e9babe4513dcfe914a7939393fd12d7c9b006165e4518c8f9345b05fcb5f
S001210,*Oc1ccc2cc(C(=O)OCCOCCOC(=O)c3ccc4cc(Oc5nc(*)nc(N6CCN(C)CC6)n5)ccc4c3)ccc2c1,214cc14b9fc04e6466f42f809976fd866aae6ad3ee324118686fee3e7d87f408
S001211,*Oc1ccc(-c2ccc(Oc3c(F)c(F)c(COC(c4cccc(C(OCc5c(F)c(F)c(*)c(F)c5F)(C(F)(F)F)C(F)(F)F)c4)(C(F)(F)F)C(F)(F)F)c(F)c3F)cc2)cc1,b3fbcbb973d278faba9b6e12ca1b239af7ce480604bfa9f8703b2b30222591c9
S001212,*Oc1c(F)c(F)c(COC(c2cccc(C(OCc3c(F)c(F)c(Oc4ccc(Cc5ccc(*)cc5)cc4)c(F)c3F)(C(F)(F)F)C(F)(F)F)c2)(C(F)(F)F)C(F)(F)F)c(F)c1F,ae2eca7fdcbe6046ca868a66b7142bfa39d56455021c3625465aa1c27fc00ffa
S001213,*Oc1ccc(C(C)(C)c2ccc(Oc3c(F)c(F)c(COC(c4cccc(C(OCc5c(F)c(F)c(*)c(F)c5F)(C(F)(F)F)C(F)(F)F)c4)(C(F)(F)F)C(F)(F)F)c(F)c3F)cc2)cc1,484d251e55d354a9c24797836606c4420e8d66faf98b48717a4c55236e4755ce
S001214,*Oc1ccc(C(c2ccc(Oc3c(F)c(F)c(COC(c4cccc(C(OCc5c(F)c(F)c(*)c(F)c5F)(C(F)(F)F)C(F)(F)F)c4)(C(F)(F)F)C(F)(F)F)c(F)c3F)cc2)(C(F)(F)F)C(F)(F)F)cc1,bf1ccffb48dea71aa5cba8836eb63ccd28826bd9b73bd053ee0ceaf7cb471d11
S001215,*/N=[SH]/*,79efcff3026a3357cb7fa6061d347b5055c595c3b523883b1ddd241556527d82
S001216,*c1ccc(*)s1,d96dba90cd8330ab6ef793fb484c4ae15b54d3b3565ac984f039064c0dfc2403
S001217,*c1cc(C)c(*)s1,a29db898ddb8dff10ce47fabf265d30bab4431d12071ceddcc60153f358790f7
S001218,*c1ccc2c(c1)-c1cc(-c3nc4cc(-c5ccc6[nH]c(*)nc6c5)ccc4[nH]3)ccc1S2(=O)=O,55357c265820a2995a43069cb076e755e871135d126adce94325d254c965762b
S001219,*Cc1ccc2[nH]c(-c3ccc4c(c3)-c3cc(-c5nc6cc(*)ccc6[nH]5)ccc3S4(=O)=O)nc2c1,b5b93bc342dea7590990281bf12d56f483d0fd7aab5b3938103f20ba3826af1a
S001220,*c1ccc2sc3ccc(-c4nc5cc(-c6ccc7[nH]c(*)nc7c6)ccc5[nH]4)cc3c2c1,8be3a424a936cac191a911a581a131ebf88dd4faaff289dd49afb1d7fc0a82a0
S001221,*Cc1ccc2[nH]c(-c3ccc4sc5ccc(-c6nc7cc(*)ccc7[nH]6)cc5c4c3)nc2c1,e45e43832f8fbafca3d1d67b2a1d4b9ef37f7e5bdcb2097672a0cd307d443a09
S001222,*c1cc(CCCCCCCCCCCC)c(*)s1,914cd71dfde3a1c13c8b5ae931df8b8a6e266bd26176078d32ea2905417596fc
S001223,*c1csc(*)c1,53eaffdbb378ea65a97f3b8e2238ea2fa2e984dd3b5e35106ec0e59e3aaffd77
S001224,*c1cc(CCCCCCCCCC)c(*)s1,13b943559e96a8f4d4a1b48e1a176bc70d88ea37ebdce9b9b0d989fcd13e4499
S001225,*c1cc(CCCCCC)c(*)s1,7c7375bd203766ca76eaeeee51d08b547239abcf8dcbf509836615f8fa03dca1
S001226,*c1cc(CCCCCCCC)c(*)s1,4b0d932ea9181d249b8030df52e1e029d300a79977488108e8464dda21ca9407
S001227,*c1sc(-c2cc(CCCCCCCC)c(*)s2)cc1CCCCCCCC,84284a23d2566b5b14185744e30e48cb392c2caf8fcec62ab85abd840d0176e9
S001228,*c1ccc(-c2sc(-c3cc(CCCCCCCC)c(*)s3)cc2CCCCCCCC)s1,689f291214c43789123d5b16e17b40547818113b30ff0579566bd0335f865f9e
S001229,*c1cc(CCCC)c(*)s1,78817f2dbbdbe232383ddf3aa8a652cab7747f3f0fb950b80b3185ba9279907c
S001230,*/C=C/c1cc(OCCCCCCCCCCCC)c(*)s1,de19b0e78411d3e9c8bd9a1802c8d994718b89bef6681c32f37e66d1a3a0913f
S001231,*/C=C/c1sc(*)c(OCCCCCCCCCCCC)c1OCCCCCCCCCCCC,792afa9d5670edf8b009a99745f63db1e81f4cbe3dd109b0cd6a6dd9689f6dca
S001232,*c1ccc(-c2ccc(-c3ccc(*)s3)s2)[nH]1,2bddd2919476c49747dafc67e55b02354497044aa56bc2769cb7ec1c4334dda3
S001233,*NCc1cc(C(=O)O)cc(CNc2nc(-c3csc(*)n3)cs2)c1N,b8f61e658c0ae93010e790b356c8ac9ebc99a8b3bc82d7837ddd57ef056d2e09
S001234,*c1ccc(-c2ccc(*)n2C#Cc2ccc(CCCCCC)cc2)s1,b51a0eb64abc30059f878896288a9636696c9c1c51f493446b9518ba8479c2d3
S001235,*c1ccc(Sc2ccc(S(*)(=O)=O)cc2S(=O)(=O)O[Na])c(S(=O)(=O)O[Na])c1,ff2717619379486f4ce689f76e05bce5438f643f1457e654fd235eb14b0dfaf3
S001236,*c1cc(OCCCCCCCCCC)c(-c2sc(-c3cc(/C=C/c4ccccc4)c(*)s3)cc2OCCCCCCCCCC)s1,6cb8e8a13a2067305c15b24373570f2469c1f079f8445a38e60ace54ed6cd265
S001237,*NCc1cc(S(=O)(=O)O)cc(CNc2nc(-c3csc(*)n3)cs2)c1N,ad41bfd9d42fb924afdc3b047d8241fba521c1c52d67c46bc46b1a22b8843052
S001238,*Oc1ccc(C2(c3ccc(OC(=O)c4cccc(C(*)=O)c4)cc3)c3ccccc3C(=O)c3ccccc32)cc1,69e3ee4663b64f1de103202a3e5cc97271b68d528157d3b44b1af4e66e6108db
S001239,*Oc1ccc(C(C)(c2ccccc2)c2ccc(OC(=O)c3cccc(C(*)=O)c3)cc2)cc1,1b99e649a5298dd2d3be4c69219aaba8c8c9885a062a572eef306b88583dad61
S001240,*Oc1ccc(C(c2ccccc2)(c2ccccc2)c2ccc(OC(=O)c3cccc(C(*)=O)c3)cc2)cc1,2582eeb323a159ce3f1857a42f7937c8bb206730fceefc79542411f511aaad46
S001241,*Oc1ccc(C(C)(C)c2ccc(OC(=O)c3ccc(C(=O)c4ccc(C(*)=O)cc4)cc3)cc2)cc1,eef2f629d12010e359488582d8fa12276622d5ae18e5993f32de20d68ab3c329
S001242,*CCCCCC(=O)NCCOC(=O)CCCCC(=O)O*,82757e614dd757b5d7b7331fe261aae5bf46fca866efbc6d71fd3c02c0dbc004
S001243,*CCCCCC(=O)NCCOC(=O)c1ccc(C(=O)O*)cc1,00c26896c8cd3546bfa046f1e00c2677d0afaea314c1857b9b24ef41242ac9cf
S001244,*CCCCCC(=O)NCCNC(=O)CCCCCOC(=O)CCCCC(=O)O*,e32b2512f30ea7c5fede9c7e259f4a441b4bbb946795886e097208257781e314
S001245,*CCCCCC(=O)NCCNC(=O)CCCCCOC(=O)c1ccc(C(=O)O*)cc1,ef0f80c70b44846e2cc855a4c0e98756461216c9b2e3948d9635d79acac16a69
S001246,*CCCCCC(=O)NCCCCCCNC(=O)CCCCCOC(=O)c1ccc(C(=O)O*)cc1,0ecc5fe1850b341c55a9a6e7162cf2b0d525a54628680fafb23f94296321d5c5
S001247,*CCCCCC(=O)Nc1ccc(NC(=O)CCCCCOC(=O)c2ccc(C(=O)O*)cc2)cc1,6e548825ced4157b1dcc157d9d8755261fe59c47618ef6f8610b6e9b22c712c1
S001248,*CCCCCC(=O)Nc1ccc(NC(=O)CCCCCOC(=O)CCCCC(=O)O*)cc1,adafe8eeae073e8ddbb382d6e60f1727eb974c5a125c3c2cc9d358968ddcc24a
S001249,*CC(C)(CC)COC(=O)CCCCCCCCC(=O)O*,18c1c9b11ad14b85ba1c9dfb076146b16968fc7cd92ef3bbbe4d900ff460c06f
S001250,*Oc1ccc(/C(C)=C/c2ccc(OC(=O)CCCCCCCCCCC(*)=O)cc2)cc1,7dd9f2f2226d949d9ee0ed7cf779a4700b8cc08ab98f20b6d6e01696e1a7f980
S001251,*Oc1ccc2cc(OC(=O)c3ccc(NC(=O)c4ccc(C(*)=O)cc4)cc3)ccc2c1,5a0e06ee32ec5a8eceba7e5e7035a6f5047d25ad33994460fcd5483c834505b3
S001252,*Oc1ccc(S(=O)(=O)c2ccc(OC(=O)c3ccc(NC(=O)c4ccc(C(*)=O)cc4)cc3)cc2)cc1,610ad50dbd3469b96d0ff3f7c76bdcd498a1732c7202575d0240df7e521fbcca
S001253,*Oc1ccc(C(C)(C)c2ccc(OC(=O)c3ccc(NC(=O)c4ccc(C(*)=O)cc4)cc3)cc2)cc1,cbc30dd09cc0bd8b703fef8b9f8ed6b32a975e34c9e06be050358903564a36b0
S001254,*Oc1ccc(OC(=O)c2ccc(NC(=O)c3ccc(C(*)=O)cc3)cc2)cc1,44ef0d8dfa7a17c523c8d5cadeca6899687f3a31450a02eceb8884b9e8f57c47
S001255,*Oc1cccc(OC(=O)c2ccc(NC(=O)c3ccc(C(*)=O)cc3)cc2)c1,eda8d266e2aaa2588c91da4f1bd27f17af9abb42a2d47fc44693fd6d9061ee95
S001256,*Oc1ccc(-c2ccc(OC(=O)c3ccc(C(*)=O)cc3)cc2)cc1,f8092b550e15301a6c0cd48156071b260b953c6abf3432644e8a5794efa51fce
S001257,*CC(C)(CC)COC(=O)c1ccc(C(=O)O*)cc1,369e789c7df673838569dc6ce41d1e9192062080b4fbae6fa1d50a6d1a7dadf9
S001258,*Oc1ccc(-c2ccc(OC(=O)c3ccc(-c4ccc(C(*)=O)cc4)cc3)cc2)cc1,274a9dcd9ef0cfe0bbd49b3353b77a2f99022b67027c86f716c5addbe2c6cf9b
S001259,*Oc1ccc(C(=O)OCCCCCCCCCCOC(=O)c2ccc(OC(=O)c3ccc(C(*)=O)cc3)cc2)cc1,a4d6d72cedfd6104fb6dd0c7b7dc9e35488392f6515210029e77af73b684fe51
S001260,*Oc1ccc2cc(C(*)=O)ccc2c1,b19e38df996998529cf466059ad5bd9cb2bc80e13a6311bf4131967e7a3fc4d0
S001261,*Oc1ccc(C(=O)OCCCCOC(=O)c2ccc(OC(=O)c3ccc(C(*)=O)cc3)cc2)cc1,e5fce487a42811f04d4fd8d275eeca22f66b21f07780e6ee3a3f244248ef9bad
S001262,*Oc1ccc(-c2ccc(C(*)=O)cc2)cc1-c1ccccc1,7fbbf87c152df50ea526c4e9bac82bbb076424d32ee1056e1267c4dfd5fd1f5d
S001263,*Oc1ccc2cc(C(*)=O)ccc2c1-c1ccccc1,7ef7c04697de84cbdabe4e2e6d6f328b1a80e2311f9a3d4ffdac5bc7a3bbb3e4
S001264,*Oc1ccc(C(*)=O)cc1CCC,e7213b96e81fbb4efc369a36bdfc009b3e908b1dfb70501cffa7a6ceba5d59b5
S001265,*Oc1ccc(C(*)=O)cc1CCCCC,10ba4466301e9dd2bbabe153c92c9d377973a5aaaeaac85e2a9e8eb1f5853010
S001266,*Oc1ccc(C(*)=O)cc1CCCCCC,f5361ed121f0194d59a2a2feff6c82a96592d3b20abfcb4d391146bc97c45688
S001267,*Oc1ccc(C(*)=O)cc1CCCCCCCCCC,e28d52e14179c60d3e1ddf37434c42f45ce20b0203e9082606646ae979fa01c0
S001268,*Oc1ccc(C(*)=O)cc1CCCCCCCCCCCC,f76f10a0a9682ce9340710f4186ccf938ad955c46e238f0c274fd8913e26a5be
S001269,*Oc1ccc(C(*)=O)cc1CCCCCCCCCCCCCC,66844d217edb110a03c4b00f85fc2b1b1cc738f90984d28dbeb2d7e6d822ac5b
S001270,*Oc1ccc(C(*)=O)cc1CCCCCCCCCCCCCCCC,fe452b89cf6c2d4ec0fae0b31d635f3ac2ce20dfd756780b1ee87ba6584a9cde
S001271,*Oc1ccc(C(*)=O)cc1CCCCCCCCCCCCCCCCCC,9e66fc4a0f424dc7f5dbc83d1fe10a5dc6e9cfa0db32b4e7aec604b933a96a7d
S001272,*C(=O)OCCOC(=O)c1ccc(C(=O)OCCOC(=O)N2CCN(*)CC2)cc1,510e4e445b4a0a6df7a515c19a3b6139aae8e792528ae4467b3d1c173f9a6aa9
S001273,*c1cc(Br)c(OC(=O)c2ccc(C(=O)Oc3c(Br)cc(C4(*)OC(=O)c5ccccc54)cc3Br)cc2)c(Br)c1,893c3338907415ee8ec040ba520038716b3cbace5dfb7d009cf8152206a68f89
S001274,*CCCCCCS(=O)(=O)c1ccc(/N=N/c2ccc(N(C)CCCCCC(=O)O*)cc2)cc1,84bda1ba3ae6aceecdcc68b764cad658a8d00ed79b188ee573f81b74552e101f
S001275,*CCCS(=O)(=O)c1ccc(/N=N/c2ccc(N(CCCC)CC(=O)O*)cc2)cc1,876d20a4e852d9b44dbaef1f3a934a8dab541bb82add00c04756062a46e0b467
S001276,*Cc1ccc(-c2ccc(CSC(=O)CCCCCCCCC(=O)S*)cc2)cc1,78746a9ffa6f1f86218c3b13147e5577e8e35dfeefe5302e391d442e2846ba1e
S001277,*Cc1ccc(-c2ccc(CSC(=O)c3cccc(C(=O)S*)c3)cc2)cc1,11908f211bfb02d02e6d3e29445562d226d597458e5c9643d05fb7bfc8d8cd73
S001278,*Cc1ccc(-c2ccc(CSC(=O)c3ccc(C(=O)S*)cc3)cc2)cc1,1f65bae9866631d25936b79596aa30b7be917044d6da99e4e0c427caa443f03c
S001279,*Oc1c(C)cc(C2CCC(C(C)(C)c3cc(C)c(OC(=O)c4ccc(C(*)=O)cc4)c(C)c3)CC2C)cc1C,65cced1674783fab43ceecffaa31d07a5ee238e98baf19ebb52c640bc6f62cdf
S001280,*Sc1ccc(-c2ccc(SC(=O)CCCCCCCCC(*)=O)cc2)cc1,d6fbb46db711e8fa99843f7b2f591819b5010461ed10915d5a976bc6c9dbd788
S001281,*Oc1ccc2c(c1)C1(CC2(C)C)CC(C)(C)c2ccc(OC(=O)c3ccc(C(*)=O)cc3)cc21,35790f930cd17e7ec9043b5a1c3e59a3e27581de1f2462979e1a446f0b3cb0a5
S001282,*Oc1ccc2c(c1)C1(CC2(C)C)CC(C)(C)c2ccc(OC(=O)c3cccc(C(*)=O)c3)cc21,2f45f9b5aa57aac32b5da17859ca778bfef6db41b2449fb082aec9825e0fd1df
S001283,*c1ccc(OC(=O)c2ccc(C(=O)Oc3ccc(C4(*)OC(=O)c5ccccc54)cc3C)cc2)c(C)c1,f57b393e6ebc4cc513ab6fdc2c1b1cf8a55311a5fb583870599c9abd6d273797
S001284,*Oc1ccc(-c2ccc(OC(=O)c3cc(C(=O)OCCCCCC)c(C(*)=O)cc3C(=O)OCCCCCC)cc2)cc1,b711553133fd7d15f20c4aac105395afe18352539f6d2b78794cf53809080c36
S001285,*Oc1ccc(-c2ccc(OC(=O)c3cc(C(=O)OCCCCCCCCCC)c(C(*)=O)cc3C(=O)OCCCCCCCCCC)cc2)cc1,d30475e6d0a4326fe821b29e20005caa5dabe463029ff8e2ecfd7b10daf4196d
S001286,*Oc1ccc(-c2ccc(OC(=O)c3cc(C(=O)OCCCCCCCCCCCCCC)c(C(*)=O)cc3C(=O)OCCCCCCCCCCCCCC)cc2)cc1,e442bf168c92245c3deb15c4ca3377fed42348d59d4131c11b2f0a0021815e02
S001287,*Oc1ccc(-c2ccc(OC(=O)c3cc(C(=O)OCCCCCCCCCCCCCCCCCC)c(C(*)=O)cc3C(=O)OCCCCCCCCCCCCCCCCCC)cc2)cc1,506c660878fc3f9601b2cb190682dd1af3eb2d1509d8aba4f24fa52faaad4ac4
S001288,*Oc1ccc(OC(=O)c2cc(OCCCCCCCCCCC(F)(F)C(F)(F)C(F)(F)C(F)(F)C(F)(F)C(F)(F)C(F)(F)C(F)(F)C(F)(F)C(F)(F)F)cc(C(*)=O)c2)cc1,dabb2d2355d4de734bd7d297fbaee913afb940393f9e61dd9d8a4430c13be899
S001289,*CCOC(=O)NCC1(C)CC(NC(=O)O*)CC(C)(C)C1,476fa271f3f617157ca961fc26aaec68c6db40cc6cd15b807db3043243b324dc
S001290,*Oc1ccc(C(C)(C)c2ccc(OC(=O)c3ccccc3/C=C/c3ccc(/C=C/c4ccccc4C(*)=O)cc3)cc2)cc1,2059645ff10043fe370d0e6917c31e95797353875ff3b18b81d84af2d851e7d6
S001291,*Oc1ccc(C(C)(C)c2ccc(OC(=O)c3ccccc3/C=C/c3ccc(/C=C/c4ccccc4C(*)=O)cc3)c(C)c2)cc1C,0928723bc5de72e65f247844404a6d09619cfb038dfab1e2b9c7d9e3f2b7a352
S001292,*Oc1ccc(S(=O)(=O)c2ccc(OC(=O)c3ccccc3/C=C/c3ccc(/C=C/c4ccccc4C(*)=O)cc3)cc2)cc1,e773afe4225ee1a95350a20542010633779530d971acc75bc518e7623ebffe0b
S001293,*c1ccc(OC(=O)c2ccccc2/C=C/c2ccc(/C=C/c3ccccc3C(=O)Oc3ccc(C4(*)OC(=O)c5ccccc54)cc3)cc2)cc1,53a3cb3403d124839f8ac6f2f847bf827b501dbe5c96ce9403735fa5c592d162
S001294,*Oc1cccc2c(OC(=O)c3ccccc3/C=C/c3ccc(/C=C/c4ccccc4C(*)=O)cc3)cccc12,33b8ec9969e8f41a6a03da041b285f69474ce37733d8ebd2ea58ab5e3ba184bb
S001295,*Oc1cccc2ccc(OC(=O)c3ccccc3/C=C/c3ccc(/C=C/c4ccccc4C(*)=O)cc3)cc12,81ec62edc8a6c891b6e1c92dd0347aa425ae79e6223cb42bf846b64dd8907693
S001296,*Oc1ccc2ccc(OC(=O)c3ccccc3/C=C/c3ccc(/C=C/c4ccccc4C(*)=O)cc3)cc2c1,885bcd42634d408d433b4178261314aa792d149fe38103cce264921a15a9d622
S001297,*Oc1cccc(OC(=O)c2ccccc2/C=C/c2ccc(/C=C/c3ccccc3C(*)=O)cc2)c1,dfeafdc07f5041f739bf7d1f5aa1ec7a5684da89e59925cf152aa2b5787ea839
S001298,*Oc1ccccc1OC(=O)c1ccccc1/C=C/c1ccc(/C=C/c2ccccc2C(*)=O)cc1,41a33b961b64842f326890e9e5a09e821fd4686420ee78b755f37250d9f57ac0
S001299,*Oc1ccc(OC(=O)c2ccccc2/C=C/c2ccc(/C=C/c3ccccc3C(*)=O)cc2)cc1,8d3c625da032edbe493a3ac0af31dfb8082c569c2bde5cba60a642988af5528e
S001300,*CCN(CCOC(=O)c1ccc(C(=O)O*)c(OC)c1)c1ccc(/N=N/c2ccc(-c3nc4ccc([N+](=O)[O-])cc4n3CC)cc2)cc1,655ab8a7c20e0e67c0c338b8a74d7ec990942922c37027da132baf1666096ae0
S001301,*CCN(CCOC(=O)c1ccc(C(=O)O*)c(OC)c1)c1ccc(/N=N/c2ccc(/C=C/c3nc4ccc([N+](=O)[O-])cc4n3CC)cc2)cc1,3e03b0bf74f14738567313b7a5b72e31e44b95bea2273593d4a266dc3afac3a2
S001302,*NNC(=O)c1cccc(C(*)=O)c1,0a54b24d6cd63bf61732c306c59eaf7b127d2891a8112a359197a9b75d9682f3
S001303,*NNC(=O)c1cccc(C(=O)NNC(=O)c2ccc(C(*)=O)cc2)c1,5c8ff3088548d9754bdf32d03196dd31d1dc3f8fb8238419f027584b927352c1
S001304,*CCCP(CCCCCCCC)CCCNC(=O)CCCCC(=O)N*,4ea9540ebbf5b38940a619faaed640e45a33687bf9c72acfe96ab64d44d9901f
S001305,*C(=O)CC/C=C/CCC(=O)N1CCN(*)CC1,b6629c1cc0289c18f573557ffdf5c6d53c0a0e0a32bccffa71b7cdba5437bf77
S001306,*Nc1ccc(Cc2ccc(NC(=O)c3cc(C(=O)O)c(C(*)=O)cc3C(=O)O)cc2)cc1,ecab4c3f9f169b32c50ae1a44e1aa7087bd598c48c717518cb3fca208ad513e9
S001307,*NC(CC(*)=O)C(=O)OCC(C)C,de1bb255775e4f25927ce89b83872755fc9e642d766f6e5ca1d73bf7c3255e36
S001308,*NC(CCC(=O)O[Na])C(*)=O,9d6cceff031902ec3681f9765ca070aef46d88b40f1046bf367a2acf19da0596
S001309,*NC(C)(C)C(*)=O,b8d57eafc394497179ce31323df2108e2ceae0513b8e9a096556fd96c8674c0b
S001310,*NC(CCC(=O)OCCCCCCCCCC)C(*)=O,db7fc3d97764b6268005b892135b6265a213fad227f551e76d8904aa17c762a6
S001311,*NC(CCC(=O)OCCCCCCCCCCCC)C(*)=O,b5f658154b3b035446f557955175d1018c1fb24516a2e5107da14c18f0843e5d
S001312,*NC(CCC(=O)OCCCCCCCCCCCCCC)C(*)=O,f40c67c910d656697594959467743c997a33dfda2b58f8d00e61c6825cd4b132
S001313,*NC(CCC(=O)OCCCCCCCCCCCCCCCC)C(*)=O,53961ef4c6cc6c938891ea95850df636d69fb983c6840d5e14285fedbdc6dec7
S001314,*NC(CCC(=O)OCCCCCCCCCCCCCCCCCC)C(*)=O,5bfbd19b4a8299b6a47c23a961ed52290010ea0227c60e94d61fe523f9c5b3bc
S001315,*NC(Cc1c[nH]cn1)C(*)=O,b0f3ad77f763d349d92bf933a715933b5dedad1c190df13aebf6b5ad79955f86
S001316,*NC(=O)c1ccc(C(=O)Nc2ccc3c(c2)[nH]c(=O)c2cc(*)ccc23)cc1,313cb82dccbdb30f0a732a1094f36bc90d4cbf9f9c4c00cac9d348c52e2d4bf4
S001317,*CCC(C)CCC(=O)N*,4bb825894b9d1d4a74096e30ea417bf5ece0a6454127414495c9926adc1b96bb
S001318,*CCCP(CCCNC(=O)CCCCCCCCC(=O)N*)c1ccccc1,428d06871d824aaa271e185763be07d235c59a11a10afb110cc473ed7338c6c2
S001319,*CCCP(CCCNC(=O)C(=O)N*)c1ccccc1,caba4d9b19a7c9db3d7955b3ed2f934704d56216be5d40aae66bccf752e488bf
S001320,*CCCP(CCCCCCCC)CCCNC(=O)C(=O)N*,2bb4dc5ae315053a0840cf4e062da5e94da6e1bcf8847a1fb32172b884bc2bfd
S001321,*C(=O)N(*)CCCCCC,776bcf01a17e13a7a2be98feba272b3312bda54aa0b7531b50658230e80c30aa
S001322,*NC(CCC(*)=O)C(=O)OCc1ccccc1,a62181e1a76137a10696f9c7c6b30e79c8718d73d002475cc75a966c5c8e99f6
S001323,*NC(CCC(*)=O)C(=O)OC,8cbc8db072b495b994bef6e2b69668e7d4c233da2de3f3b173f13f5cc306aa93
S001324,*NC(CCCNC(=O)c1ccccc1)C(*)=O,e1dbb228dfa9235e674a804efdc476d2bc29b4c336c0209c8f830f17132abe1f
S001325,*NC(CCCNC(=O)c1ccc(F)cc1)C(*)=O,d3aa88c4c87b8776886c924ec15821f714805a72ee5a244c0ad92ff92683cbc1
S001326,*NC(CCCNC(=O)c1ccc(Cl)cc1)C(*)=O,006cef6858942f862cb55dd2a79ed08de506f7a932a69e912cda1a27d24d61c7
S001327,*NC(CCCNC(=O)c1ccc(Br)cc1)C(*)=O,c591cd1fef94d1dfe89363314cfe52db6e574078977fd3e56a2ade8769e1539d
S001328,*Nc1cc(NC(=O)c2ccc(C(*)=O)cc2)ccc1C,2fb791227a2bf250129c1a81e666536538a70304ccfc3d49fd38ea9abddb6d6b
S001329,*CCCCC(=O)NCCCCCCC(=O)NCCC(=O)N*,4905c56b41e286e2165d965c3b2547bc05a0bee2eab2479f8a337245435371d2
S001330,*CCCCCCC(=O)NCCCCC(=O)NCCC(=O)N*,f4e7c58c70fa7115f4b9f24328add5654a0dc53fde4e160eb8b7d29327bf9ccc
S001331,*NC(CC(=O)OCc1ccc(C)cc1)C(*)=O,e6db2a9b5308258143c3a36700a5338cce7dc63dfcbfa71def63d89dd07accbf
S001332,*CCCCCCCCCCCC(=O)NCC(=O)N*,d6ec3449f9b512142f9dc6b16f5967d8e86fde8bab0cdc22e8e0c0e11d134cf2
S001333,*CNC(=O)CCCCCC(=O)N*,0215da4ad43825e3c05fef474ca5780b1fe22f541b1e8e207bd83fc85ae1fc89
S001334,*CNC(=O)CCCC(=O)N*,19868a9ca3a52a1bdc143a6a71934bbb8bc850c4d71980289bd0a9ae90040b53
S001335,*CNC(=O)CCCCCCC(=O)N*,d739f4e9727bb3bb8f15d404166db40dce480af6efc10ee6430ec325c351370c
S001336,*CNC(=O)CCCCCCCCCCC(=O)N*,b2bbfea5f8e5be15cd5636836034c8095c64bee78ca8823bf588c4f8b7886735
S001337,*CCCCNC(=O)CC(=O)N*,ae26e6346eb7b2209ae86eaf5b27e3d0b35291380053276dcadfadacad19f9ae
S001338,*CCCCCCNC(=O)CC(=O)N*,a13aca06eccf5f8956dd9b01d3044a8f3cbbbddbab73039e0ea04f3cc19f0449
S001339,*CCCCCCCCNC(=O)CC(=O)N*,e93400635f21ded501a42c06467a83c062045f656f269d667ceec86208535671
S001340,*CCCCCCCCCNC(=O)CC(=O)N*,383f2fd63ec1606c874fc5d1085be2c91d2534a27b7fc4ae0889e32fe8ed61a2
S001341,*CCCCCCCCCCCCNC(=O)CC(=O)N*,b5beca2e5b36f582a6f0adf4f45cee550ccace0d42ebcf8b8369ba446da9b143
S001342,*NC(CC(*)=O)C(=O)OC,8afab95fd087d44e3218fd3be136403f808563a64f323fe61b2d46b24c04d8b5
S001343,*NC(CC(*)=O)C(=O)OCC,93707ce1e9c4f8e1491417cbc5d124843b54bfd5e0753b666caeb5f2553c6e0c
S001344,*NC(CC(*)=O)C(=O)OCCCC,baa3fd01cfae63e78cb3caccf57d80b54e8c4ce98fd3b284868eb5f41173a233
S001345,*NC(CC(*)=O)C(=O)OCCCCCC,e6e2197ae66e08cce06da64c1105675b79be6bdbaac14020369920d1af325df3
S001346,*NC(CC(*)=O)C(=O)OCCCCCCCC,33165286f9f0448c1da597d9017e7b3c13375a70f84e93ece62895a5bb447917
S001347,*NC(CC(*)=O)C(=O)OCCCCCCCCCCCC,22a993b448825020de7863773efc37626b267be25a4586bc2ecf097f642f6323
S001348,*NC(CC(*)=O)C(=O)OCCCCCCCCCCCCCCCCCC,6bd8d7a69e23f20e5295d31bd1bb42e42d384cc339b023de5d28389bb1f0f123
S001349,*NC(C)C(=O)NCCCCCCCCCCC(*)=O,6fe975d3a9040f040f994ccc837ad7e3555214923d63c9ccaf059b04960f3963
S001350,*CCCCCCCCNC(=O)CCC(=O)N*,20cb0a29c83d84137a63738acb17f0766f3fa6a07fb54ba20dbd268d879043b7
S001351,*CCCCCCCCCCNC(=O)CCC(=O)N*,e93f4b7d1b54c3f63a37cfcc52a0c97af1de95ccca06176471907687c9bd0c37
S001352,*CCCCCCCCCCCCNC(=O)CCC(=O)N*,53903c7e65534c1074df1901e05f8f31cfbe6e781309fbb506110e4ad3c3a85e
S001353,*NC(CC(=O)OCCCc1ccccc1)C(*)=O,f9a21f71b6e7991a527c757f4e4232c3d9372fe0db26c039d627a3705a03fa94
S001354,*CCNC(=O)C(OC)C(OC)C(=O)N*,159ed15b669f64cb2556ac544c327ec9e6e8350035b43aecf246728a992236c4
S001355,*CCCCNC(=O)C(OC)C(OC)C(=O)N*,07fd40059fee830dd14cecc35834d0bae029429d22d1c4ed38967d772910977c
S001356,*CCCCCCNC(=O)C(OC)C(OC)C(=O)N*,340f303b9a01f7dcbd3ce174e34ecd3d70e3d00be87682d2915ecc4dd9b1be24
S001357,*CCCCCCCCNC(=O)C(OC)C(OC)C(=O)N*,cfdf832eb69d81028c0e5fd85a9974ccaf820d0c023e57f58b6965e74bdf3f65
S001358,*CCCCCCCCCCN(C)C(=O)CCCCCCCCC(=O)N(*)C,188db5046d404b5a8e01f1fee917e84ee5f6d74a6a6fa9852256dee00f1f6ee2
S001359,*NC(CC(*)=O)C(=O)OCCCCCCCCCCCCCCCCCCCCCC,b9567c0dfb1077d688e90a9ffdc1ebdb9214a012bf2c6fed5ac8c9ca16de823f
S001360,*NC(CCCCSC)C(*)=O,1325b54effbe42de9f68556adea4cc21f7b3c1f5fcf636a8afb1e3521c0c734d
S001361,*Nc1cccc(/C=C/C(=O)/C=C/c2cccc(NC(=O)/C=C/C(*)=O)c2)c1,6764d633aeacad9e4b41b4dd35a6c342a0ab8ca36b4dc8151513dccaf5216066
S001362,*Nc1cccc(/C=C/C(=O)/C=C/c2cccc(NC(=O)c3cccc(C(*)=O)c3)c2)c1,27020a3db126e76b0508bc1e5a0ce83cd2b525bdad4c71d0a1c94356a65e407e
S001363,*Nc1cccc(/C=C/C(=O)/C=C/c2cccc(NC(=O)c3ccc(C(*)=O)cc3)c2)c1,612cfef65933ad7d90e1749a8bcfa761b68076c29b4687f1f920b1ee6f25ae9b
S001364,*CCCCCCCCCCCCNC(=O)CCCCCCCCCCCCC(=O)N*,de5ed8a5c20a82b161b0d4435b495ecf1bce8ca0cc458158c73bde4ad85a33e6
S001365,*Nc1ccc(C2(c3ccc(NC(=O)c4ccc(C(*)=O)cc4)cc3)c3ccccc3-c3ccccc32)cc1,3187ea40953f0b4ef578c4358a91174cee4bb836357ed940c313d1c8bb739591
S001366,*Nc1ccc(C2(c3ccc(NC(=O)c4cccc(C(*)=O)c4)cc3)c3ccccc3-c3ccccc32)cc1,e33049c16c94860bc4c10d7dade163e02026bdba06e002bacaaa69e037768696
S001367,*Nc1ccc(C2(c3ccc(NC(=O)c4cc(C(*)=O)cc(C(C)(C)C)c4)cc3)c3ccccc3-c3ccccc32)cc1,017ab3df148c1933f659409a46326ed8f6127c14e8602e287d48148b885d8e7b
S001368,*Nc1ccc(C(c2ccc(NC(=O)c3ccc(C(*)=O)cc3)cc2)(C(F)(F)F)C(F)(F)F)cc1,ae9bf500f0ca5cc5e7a155416b4edfb784775446ab314b10182d23506eec47fc
S001369,*Nc1ccc(C(c2ccc(NC(=O)c3cccc(C(*)=O)c3)cc2)(C(F)(F)F)C(F)(F)F)cc1,f3e786656bd36824fb131337b8aa280340c90f3c472e45d5022c3e15e3250533
S001370,*Nc1ccc(C(c2ccc(NC(=O)c3cc(C(*)=O)cc(C(C)(C)C)c3)cc2)(C(F)(F)F)C(F)(F)F)cc1,3669b1bd3274bfc40f877e25ad9b9c778364fdb346f0555f50daf2a8c9a28568
S001371,*Nc1ccc(C(=O)c2ccc(NC(=O)c3cccc(C(*)=O)c3)cc2)cc1,126e9d3db0ecefff8f2d12cfcdcaebc4bdb80bf567a8a7d13b2c89028949dd7e
S001372,*Nc1ccc(C(=O)c2ccc(NC(=O)c3cc(C(*)=O)cc(C(C)(C)C)c3)cc2)cc1,ea1edbee214f9d52985dd2b49586b8d677e6441ff1aac7288db8d61171ad165a
S001373,*CCN(CCOC(=O)Nc1ccc(C)c(NC(=O)O*)c1)c1ccc(/N=N/c2ccc(-c3nc4ccc([N+](=O)[O-])cc4n3CC)cc2)cc1,76bfc82a991fd85a62c884644098fdeb3c2478ca7f14ba5015c4654bec53a7ca
S001374,*CCN(CCOC(=O)Nc1ccc(C)c(NC(=O)O*)c1)c1ccc(/N=N/c2ccc(/C=C/c3nc4ccc([N+](=O)[O-])cc4n3CC)cc2)cc1,baa90938850e5643043cde08ec2cebd28a0ccedfc41a06e14dde57c932913538
S001375,*CCCP(CCCNC(=O)N*)c1ccccc1,2f3e11b9782300e144e414bb6f237e32e9fd3783dec3bc93eb06a812f05359cb
S001376,*OC(=O)OCCOC(=O)NC(=O)NNC(=O)NC(=O)OCCOC(=O)OC1CC2CC(*)CC(C1)O2,a013813899c6d7e170cae7b06ce8a488d1896fa7fc51f10b9259f4f6c5a5c128
S001377,*CCCCCCCCCN1C(=O)c2ccc(Oc3ccc4c(c3)C(=O)N(*)C4=O)cc2C1=O,328cb417ce5e15c96ae10921b2671bb986279d027c65b729f7f5458e43116492
S001378,*CCCCCCCCCCN1C(=O)c2ccc(Oc3ccc4c(c3)C(=O)N(*)C4=O)cc2C1=O,d4bec636c7fbc10d77351becee70035b88e1e17c495e10f0f09088865c954810
S001379,*CCCCCCCCCCCCN1C(=O)c2ccc(Oc3ccc4c(c3)C(=O)N(*)C4=O)cc2C1=O,571e5a082edfaf80e644383264460aec50da716c04128809a19979f4abc4f411
S001380,*C(=O)Oc1ccc(OC(=O)c2ccc3c(c2)C(=O)N(c2ccc(NC(=O)c4cccc(C(=O)Nc5ccc(N6C(=O)c7ccc(*)cc7C6=O)cc5)c4)cc2)C3=O)cc1,5b11eb9c800af33f96c5d0cbdcfd98b905cc140087dfd92b441104c88dc8ac5d
S001381,*c1ccc(Oc2cccc(Oc3ccc(N4C(=O)c5ccc(-c6ccc7c(c6)C(=O)N(*)C7=O)cc5C4=O)cc3)c2)cc1,fb055e333ca6b8f6c9dec89ab4663de03a5768ded47ffbbdf89ad0d36fc92566
S001382,*c1ccc(Oc2ccc(N3C(=O)C4CC5C(=O)N(*)C(=O)C5C4C3=O)cc2)cc1,6700ecd4013f0f170592fd507102ca22dd5f5334e81a40437ce41d1a30538042
S001383,*c1ccc2c(c1)C(=O)N(c1cccc3c(N4C(=O)c5ccc(C(*)(C(F)(F)F)C(F)(F)F)cc5C4=O)cccc13)C2=O,3e22d341772095a025dca29649ee772df0fb44b43de9ecb0dcf5c3004a42a6b6
S001384,*c1ccc2c(c1)C(=O)N(c1cccc(N3C(=O)c4ccc(C(*)(C(F)(F)F)C(F)(F)F)cc4C3=O)c1)C2=O,74b2edbc44e677c27ca843aac2a32e75b8207a15534ce63ff0cea49a3f34ac42
S001385,*c1ccc2c(c1)C(=O)N(c1cccc(S(=O)(=O)c3cccc(N4C(=O)c5ccc(C(*)(C(F)(F)F)C(F)(F)F)cc5C4=O)c3)c1)C2=O,246f861a268730182ad1af52c0e2a19a5c96e8c13e07529e659a0b3242138afa
S001386,*C(=O)Nc1ccc(Oc2ccc(N3C(=O)c4ccc(*)cc4C3=O)cc2)cc1,be003e681ec9367a201f188f8ff8d31fce9f5c0e4d741b991ec8eec1e772c973
S001387,*c1ccc(S(=O)(=O)c2ccc(-n3c(=O)c4cc5c(=O)n(*)c(=O)c5cc4c3=O)cc2)cc1,7fbfe291a8773e480c4f8f2864152e40a8667d11687fba389a279be22a59523f
S001388,*CCCCCCCCCCCCCn1c(=O)c2cc3c(=O)n(*)c(=O)c3cc2c1=O,7430bb5f7624afed6a505437505db42dddee09b0b93e0ce2ca825ba5d9755d34
S001389,*c1ccc(Oc2cccc(-n3c(=O)c4cc5c(=O)n(*)c(=O)c5cc4c3=O)c2)cc1,630278e1c32c1e2efb4ac339e42b1d50120e351f58e030ab48bfe1ffb8f90c34
S001390,*c1ccc(-c2ccc(N3C(=O)c4ccc(-c5ccc6c(c5)C(=O)N(*)C6=O)cc4C3=O)cc2C(F)(F)F)c(C(F)(F)F)c1,29e176b8fc5eee227889aef9340bed2ca3b873bdbd547ce8b9b36affbd006263
S001391,*C(=O)c1ccc2c(c1)C(=O)N(c1ccc(OCC(C)(C)COc3ccc(N4C(=O)c5ccc(*)cc5C4=O)cc3)cc1)C2=O,7ca3e705f7da239611e503da23bc4329c4a34ef56f920fadb207eba9918e2050
S001392,*C(=O)Oc1ccc(C(C)(C)c2ccc(OC(=O)c3ccc4c(c3)C(=O)N(c3ccc(-c5ccc(N6C(=O)c7ccc(*)cc7C6=O)c(C)c5)cc3C)C4=O)cc2)cc1,9d046b55816c0cd7db242b8e8d72651cc1cf2651ef5a39ca00822964f3736968
S001393,*C(=O)Oc1ccc(C(C)(C)c2ccc(OC(=O)c3ccc4c(c3)C(=O)N(c3ccc(Oc5ccc(N6C(=O)c7ccc(*)cc7C6=O)cc5)cc3)C4=O)cc2)cc1,f50cfd2eb1c16167745c143f8bee3db329be44a3c459dc25e16b9adba17e5721
S001394,*C(=O)Oc1ccc(C(C)(C)c2ccc(OC(=O)c3ccc4c(c3)C(=O)N(c3ccc(Cc5ccc(N6C(=O)c7ccc(*)cc7C6=O)cc5)cc3)C4=O)cc2)cc1,e5571efa8e3b55b29e4eebcb2b4dca4e743a03ca2b9f3fda0ef5873dc99c5cec
S001395,*C(=O)Oc1ccc(C(C)(C)c2ccc(OC(=O)c3ccc4c(c3)C(=O)N(c3ccc(-c5ccc(N6C(=O)c7ccc(*)cc7C6=O)cc5)cc3)C4=O)cc2)cc1,ea87df049feb28c8e63d0b194e8ef542a5b428203805700e96ee70776126d4ea
S001396,*c1ccc2c(c1)C(=O)N(c1ccc3c(c1)-c1cc(N4C(=O)c5ccc(C(*)(C(F)(F)F)C(F)(F)F)cc5C4=O)ccc1C3)C2=O,6ff06f76bfc7c2cc34127c968554769fa8aa0dd3fc1bdd398ab5d4f5623e7b69
S001397,*CC(=O)Nc1ccc(NC(=O)c2ccc3c(c2)C(=O)N(*)C3=O)cc1,3536d5984dcc27980b5eac58fa7edfc843c3402bf9e14cef530c3b9d3720014f
S001398,*CC(=O)Nc1ccc(Cc2ccc(NC(=O)c3ccc4c(c3)C(=O)N(*)C4=O)cc2)cc1,ac4bf1383c5a57f33b81069831b83222f4898397dcf17f6c1694131c76c2fef4
S001399,*CC(=O)Nc1ccc(S(=O)(=O)c2ccc(NC(=O)c3ccc4c(c3)C(=O)N(*)C4=O)cc2)cc1,9da26e656eeb3efea207aa5332a4e4150752908341b523c64705c873007c4b96
S001400,*CC(=O)Nc1ccc(Oc2ccc(NC(=O)c3ccc4c(c3)C(=O)N(*)C4=O)cc2)cc1,0f9b14036cee7d61dabf41a974fdfb9f02307f9df1ac81beec10c48c1432fd58
S001401,*CC(=O)Nc1ccc(Oc2ccc(Oc3ccc(NC(=O)c4ccc5c(c4)C(=O)N(*)C5=O)cc3)cc2)cc1,17c393200c65561e8b0cd68715373a8fb06a229b1b74702e84f27f542dd27c1f
S001402,*CC(=O)Nc1ccc(Oc2cccc(Oc3ccc(NC(=O)c4ccc5c(c4)C(=O)N(*)C5=O)cc3)c2)cc1,578fcae201e9d4096a0409185486ebaa18e97a10ed0385cb211f50562d1653a7
S001403,*C(=O)Nc1ccc(NC(=O)c2ccc(N3C(=O)c4ccc(*)cc4C3=O)cc2)cc1,8661e19b2d150fd40744b7a918b9011c8da539fc2f8ba3258cf6b496d12e25fe
S001404,*C(=O)Nc1ccc(Oc2ccc(NC(=O)c3ccc(N4C(=O)c5ccc(*)cc5C4=O)cc3)cc2)cc1,48b6559372e10d132fbcbacabfb2295c6f4c453ba4bf55424e9e786c819b4a11
S001405,*c1ccc(Oc2ccc(C(c3ccc(Oc4ccc(N5C(=O)c6ccc(Oc7ccc8c(c7)C(=O)N(*)C8=O)cc6C5=O)cc4)cc3)(C(F)(F)F)C(F)(F)F)cc2)cc1,712e4c79c865eb20028e096652666811e5ca51e735fa47e7f6ff6f6c04dbd1db
S001406,*c1ccc2c(c1)C(=O)N(c1ccc3c(c1)Cc1cc(N4C(=O)c5ccc(C(*)(C(F)(F)F)C(F)(F)F)cc5C4=O)ccc1-3)C2=O,3c931dcaa659a023402a99eeb7cedcd2ba48a7571c18b350179178d48ea5f310
S001407,*c1ccc2c(c1)C(=O)N(c1cccc(C(c3cccc(N4C(=O)c5ccc(C(*)(C(F)(F)F)C(F)(F)F)cc5C4=O)c3)(C(F)(F)F)C(F)(F)F)c1)C2=O,6d58b52ab06c2279883b56cf799ed07ef03ee87b3fb5de25237345dae991b5c9
S001408,*C(=O)Nc1ccc(Cc2ccc(N3C(=O)c4ccc(*)cc4C3=O)cc2)cc1,3680f431d59199b3686e5df8aaaa89bd6080f9f9bf76ccd47c3a45d4f1c1a7d4
S001409,*c1ccc2c(c1)C(=O)N(c1ccc(OCCOc3ccc(N4C(=O)c5ccc(C(*)(C(F)(F)F)C(F)(F)F)cc5C4=O)cc3)cc1)C2=O,e54a76d39298674a83d5c537c30d6893b30f1e1c157864e3f073198402075b9d
S001410,*c1ccc2c(c1)C(=O)N(c1ccc(OCCOCCOc3ccc(N4C(=O)c5ccc(C(*)(C(F)(F)F)C(F)(F)F)cc5C4=O)cc3)cc1)C2=O,a8716a86d8baf9bdcb8ad3a7e5d781cb2df58c59c325a10859d8de210da53e76
S001411,*c1ccc2c(c1)C(=O)N(c1ccc(OCCOCCOCCOc3ccc(N4C(=O)c5ccc(C(*)(C(F)(F)F)C(F)(F)F)cc5C4=O)cc3)cc1)C2=O,d75a64dec18d48b8a598c5f3a4099b6258919bf8765707d533b3a5ea32130113
S001412,*c1ccc(-c2ccc(-n3c(=O)c4cc5c(=O)n(*)c(=O)c5cc4c3=O)cc2C(F)(F)F)c(C(F)(F)F)c1,fb1d78c87eead09504db735866d40fb4cc2fc7ee52bcfaea860d5adfd5785925
S001413,*c1ccc(-c2ccc(-n3c(=O)c4cc5c(=O)n(*)c(=O)c5cc4c3=O)cc2C)c(C)c1,f0fe8829686b117df273b55ba77206f1a92e2923370b1cc5ab9e959f230897ed
S001414,*c1ccc2c(c1)C(=O)N(c1cccc(N3C(=O)c4ccc(C(*)(C(F)(F)F)C(F)(F)F)cc4C3=O)c1C)C2=O,fb9e6323ddb78dfe0f23682224e3f7e466e77dc20f7b29a093ac787f13d8c11a
S001415,*c1c(C)cc(C)c(N2C(=O)c3ccc(-c4ccc5c(c4)C(=O)N(*)C5=O)cc3C2=O)c1C,19317700b9736a112f00bd48ede4aeb7d827debfc2a3f3b8edee44990dbb491a
S001416,*C(=O)c1ccc2c(c1)C(=O)N(c1cc(C(=O)O)cc(N3C(=O)c4ccc(*)cc4C3=O)c1)C2=O,e655edad5ac9460b199d175e1d22931bd1de00de9ae112c830e382f201699912
S001417,*C(=O)c1ccc2c(c1)C(=O)N(c1cc(N3C(=O)c4ccc(*)cc4C3=O)cc(C(F)(F)F)c1)C2=O,012fad3834d9bfdde23d3ac94a940e3bb159179cde9accfad32dec6205f1e237
S001418,*c1ccc(S(=O)(=O)c2ccc(N3C(=O)c4ccc(-c5ccc6c(c5)C(=O)N(*)C6=O)cc4C3=O)cc2)cc1,39d47c07f339747c41bba2f39cfa507e746c5ebaf19b6aa7c46210e34fe2df89
S001419,*CCCCCCN1C(=O)c2ccc(C(c3ccc4c(c3)C(=O)N(*)C4=O)(C(F)(F)F)C(F)(F)F)cc2C1=O,c68b5700af82da1762b8a39423d3c585e7d66e9a0ec2ef5c419aa95ba3008c97
S001420,*c1ccc2c(c1)C(=O)N(c1ccc(Cc3ccc(N4C(=O)c5ccc(C(*)(C(F)(F)F)C(F)(F)F)cc5C4=O)c(C(C)(C)C)c3)cc1C(C)(C)C)C2=O,2bca8951fc0667a19d2b27c8c58bcbba8f5166e97c22d585a9ed64afb6e32789
S001421,*c1ccc2c(c1)C(=O)N(c1ccc(Cc3ccc(N4C(=O)c5ccc(C(*)(C(F)(F)F)C(F)(F)F)cc5C4=O)c(C(F)(F)F)c3)cc1C(F)(F)F)C2=O,574673209def0edcce548c1620d7a724e434477173b03c6422bceb6f6d44d3f9
S001422,*c1ccc2c(c1)C(=O)N(c1c(C)cc(Cc3cc(C)c(N4C(=O)c5ccc(C(*)(C(F)(F)F)C(F)(F)F)cc5C4=O)c(C)c3)cc1C)C2=O,cdbe4e9d1d2ad5a5ba0aafdbd64abaa81a60d6817840b44069e89cfa5b97a07a
S001423,*c1ccc2c(c1)C(=O)N(c1c(CC)cc(Cc3cc(CC)c(N4C(=O)c5ccc(C(*)(C(F)(F)F)C(F)(F)F)cc5C4=O)c(CC)c3)cc1CC)C2=O,58733951a51abde0c3051b587aa571efd7ce228ea2fe7b46640422b56ed25eb2
S001424,*c1ccc2c(c1)C(=O)N(c1c(C)cc(Cc3cc(C)c(N4C(=O)c5ccc(C(*)(C(F)(F)F)C(F)(F)F)cc5C4=O)c(C(C)C)c3)cc1C(C)C)C2=O,2090577790b975e0456bc94ca7b67006d35807c52b66880fe2657fdc98ac65a2
S001425,*c1ccc2c(c1)C(=O)N(c1c(C)cc(C(c3ccccc3)(c3cc(C)c(N4C(=O)c5ccc(C(*)(C(F)(F)F)C(F)(F)F)cc5C4=O)c(C(C)C)c3)C(F)(F)F)cc1C(C)C)C2=O,71351a7e5e7ef1d450aec5fdc3cf6c9add41d82dca1a2f333cea5733a6202e8d
S001426,*c1ccc2c(c1)C(=O)N(c1c(C(C)C)cc(C(c3ccccc3)(c3cc(C(C)C)c(N4C(=O)c5ccc(C(*)(C(F)(F)F)C(F)(F)F)cc5C4=O)c(C(C)C)c3)C(F)(F)F)cc1C(C)C)C2=O,4a46acfc15a14e29ee91edbbe93d4e8516894726b158c1f6d8ee2ea3f81be127
S001427,*c1ccc2c(c1)C(=O)N(c1ccc(C3(c4ccc(N5C(=O)c6ccc(C(*)(C(F)(F)F)C(F)(F)F)cc6C5=O)cc4)c4ccccc4-c4ccccc43)cc1)C2=O,cb93dd05c773e550748a449a9f9b286cdac78e5222311f412f525153f26e34be
S001428,*c1ccc2c(c1)C(=O)N(c1ccc(C3(c4ccc(N5C(=O)c6ccc(C(*)(C(F)(F)F)C(F)(F)F)cc6C5=O)c(F)c4)c4ccccc4-c4ccccc43)cc1F)C2=O,d435b1577712f0927fcf3c7ed6fb05c28e606c3ded59f9632537c439cfaeb30a
S001429,*c1ccc2c(c1)C(=O)N(c1ccc(C3(c4ccc(N5C(=O)c6ccc(C(*)(C(F)(F)F)C(F)(F)F)cc6C5=O)c(C(C)C)c4)c4ccccc4-c4ccccc43)cc1C(C)C)C2=O,3b4254e05f9f44f93ce761a2d4cf1ef052e9d50a5682e764a94c1700efada8a1
S001430,*c1ccc2c(c1)C(=O)N(c1c(C)cc(C3(c4cc(C)c(N5C(=O)c6ccc(C(*)(C(F)(F)F)C(F)(F)F)cc6C5=O)c(C)c4)c4ccccc4-c4ccccc43)cc1C)C2=O,c081daf361f2fce7e2f26249e50d1ca02d88517bb9a4f81cbc584800d96fb544
S001431,*c1ccc2c(c1)C(=O)N(c1c(C)cc(C3(c4cc(C)c(N5C(=O)c6ccc(C(*)(C(F)(F)F)C(F)(F)F)cc6C5=O)c(C(C)C)c4)c4ccccc4-c4ccccc43)cc1C(C)C)C2=O,59422dd923fc00d79f12222220cfd994c90610463ab3754720a7c6b04e4d61ed
S001432,*c1ccc2c(c1)C(=O)N(c1c(C)cc(-c3cc(C)c(N4C(=O)c5ccc(C(*)(C(F)(F)F)C(F)(F)F)cc5C4=O)c(C)c3)cc1C)C2=O,d1141ccd4c5b308f05d5d041b5463bfd43a4ff6462c0046b35da45ef5ce10992
S001433,*c1ccc2c(c1)C(=O)N(c1c(C(C)C)cc(Cc3cc(C(C)C)c(N4C(=O)c5ccc(C(*)(C(F)(F)F)C(F)(F)F)cc5C4=O)c(C(C)C)c3)cc1C(C)C)C2=O,9148bc7dda2fd4fe771998f4008e6a8d04b1629c0200e7427cd7bb72be27cba8
S001434,*c1ccc2c(c1)C(=O)N(c1cc(N3C(=O)c4ccc(C(*)(C(F)(F)F)C(F)(F)F)cc4C3=O)ccc1C)C2=O,2d41466d4b176b144cccc0dbbfe519072c478a081555a034fe4f99aabeefedeb
S001435,*c1ccc2c(c1)C(=O)N(c1cc(N3C(=O)c4ccc(C(*)(C(F)(F)F)C(F)(F)F)cc4C3=O)cc(C(F)(F)F)c1)C2=O,6e8b02b03344d1a99340ac20dc71fc481713c6fd5ed6aeb19f5c86cd9cf9d6d7
S001436,*c1ccc2c(c1)C(=O)N(c1ccc(S(=O)(=O)c3ccc(N4C(=O)c5ccc(C(*)(C(F)(F)F)C(F)(F)F)cc5C4=O)cc3)cc1)C2=O,acaf8533352fa1d8f6b956c3623fde9486a39f848ee57c501414af39d49e766d
S001437,*c1ccc2c(c1)C(=O)N(c1ccc(-c3ccc(N4C(=O)c5ccc(C(*)(C(F)(F)F)C(F)(F)F)cc5C4=O)c(O)c3)cc1O)C2=O,f94d8ed2edd9ab2431809b6793c02da8137e57dae12315d62c927bad952c0e9f
S001438,*c1cc(C(c2ccc(O)c(-n3c(=O)c4cc5c(=O)n(*)c(=O)c5cc4c3=O)c2)(C(F)(F)F)C(F)(F)F)ccc1O,128928e5eccf0136c34b63028420ea9ee02d2ea64384ce7d8f2557cd596b33ea
S001439,*c1c(C)cc(-c2cc(C)c(-n3c(=O)c4cc5c(=O)n(*)c(=O)c5cc4c3=O)c(C)c2)cc1C,ed15720495dc01d8e4dc6f8475b0661152adb61fa7601b7ca69e0eac28efdbc0
S001440,*c1c(C)cc(-c2cc(C)c(N3C(=O)c4ccc(-c5ccc6c(c5)C(=O)N(*)C6=O)cc4C3=O)c(C)c2)cc1C,2f18d13fa3deaee258f257a2cb3e7279553a3499f59a995dcedeabeaca69fe01
S001441,*c1cc(C)c(-c2c(C)cc(-n3c(=O)c4cc5c(=O)n(*)c(=O)c5cc4c3=O)cc2C)c(C)c1,6fb0f24150b7265e4a060126f9e1852f0968e79e115dcf426c6aacbe0da78f35
S001442,*c1cc(C)c(-c2c(C)cc(N3C(=O)c4ccc(-c5ccc6c(c5)C(=O)N(*)C6=O)cc4C3=O)cc2C)c(C)c1,d9e4cb9e3a89af7f5db8f4aacfb339a88e5d1cc283a7f48db88be4832befe569
S001443,*c1ccc2c(c1)C(=O)N(c1cc(C)c(-c3c(C)cc(N4C(=O)c5ccc(C(*)(C(F)(F)F)C(F)(F)F)cc5C4=O)cc3C)c(C)c1)C2=O,caab99a33758a0a533d9431dc31c15454ed94a5b27599953472a2b192202dd3f
S001444,*c1ccc2c(c1)C(=O)N(c1ccc(C(c3ccc(C)c(N4C(=O)c5ccc(C(*)(C(F)(F)F)C(F)(F)F)cc5C4=O)c3)(C(F)(F)F)C(F)(F)F)cc1C)C2=O,a4df38dac832017e70e10d8699d31f40e122f1fd77a5a489026238ef2c5098ce
S001445,*CCCCCCCCCCCN1C(=O)c2ccc(-c3ccc(-c4ccc5c(c4)C(=O)N(*)C5=O)cc3)cc2C1=O,391978d76dca27075ae000b27f0b378ae4c76e82b57584157e5c6db2a5f4b067
S001446,*c1ccc(-c2ccc(N3C(=O)c4ccc(Oc5ccc(Oc6ccc7c(c6)C(=O)N(*)C7=O)cc5)cc4C3=O)cc2)cc1,466d8cade3cfa844f5fab48dbe3cb157e4d475bc5addaec3b9bcf1026014ea9b
S001447,*c1ccc(-c2ccc(N3C(=O)c4ccc(Oc5ccc(Oc6ccc7c(c6)C(=O)N(*)C7=O)cc5)cc4C3=O)c(OC)c2)cc1OC,07ec0597967ab94eafed80ffb9106a939d9957650a764034862bb71873f8cdd0
S001448,*c1ccc(C(=O)c2ccc(N3C(=O)c4ccc(Oc5ccc(Oc6ccc7c(c6)C(=O)N(*)C7=O)cc5)cc4C3=O)cc2)cc1,a785a5e88e9b1672b5cb04f7411b579fb7e6c2a6fbbf80f4aceeab2843370ae9
S001449,*c1ccc(Cc2ccc(N3C(=O)c4ccc(Oc5ccc(Oc6ccc7c(c6)C(=O)N(*)C7=O)cc5)cc4C3=O)cc2)cc1,a2f9f26d83d037659267905bb951290fed49f06f379f9fca0638b26d81955947
S001450,*c1ccc(S(=O)(=O)c2ccc(N3C(=O)c4ccc(Oc5ccc(Oc6ccc7c(c6)C(=O)N(*)C7=O)cc5)cc4C3=O)cc2)cc1,27bcef8e6f3bb4f8c5487d488302cdc38b367e5cb291bf8705acdb6ed9f1dfc2
S001451,*c1ccc(C(C)(C)c2ccc(N3C(=O)c4ccc(Oc5ccc(Oc6ccc7c(c6)C(=O)N(*)C7=O)cc5)cc4C3=O)cc2)cc1,29d62a4c319d28712ea822d759fa9d88d0219bd17e740c17dd7d13e0609c4448
S001452,*c1ccc(Cc2ccc(N3C(=O)c4ccc(Oc5ccc(Oc6ccc7c(c6)C(=O)N(*)C7=O)cc5)cc4C3=O)c(OC)c2)cc1OC,545d31aafd6bf549d1f306ce8db370394687cdcd508e50a46800a879d4f3a05f
S001453,*c1ccc(-c2ccc(N3C(=O)c4ccc(Oc5ccc6c(c5)C(=O)N(*)C6=O)cc4C3=O)cc2C(F)(F)F)c(C(F)(F)F)c1,5051f3b1df1e19b54ba8a82633728f80995c05473ae57af263f78054b556f959
S001454,*c1cccc(Oc2cccc(-n3c(=O)c4cc5c(=O)n(*)c(=O)c5cc4c3=O)c2)c1,5e5a0b51347acbae1f9265a1e28bd9e538375b78af18c26739778f6e91a37de5
S001455,*c1cccc(Oc2ccc(C(c3ccc(Oc4cccc(-n5c(=O)c6cc7c(=O)n(*)c(=O)c7cc6c5=O)c4)cc3)(C(F)(F)F)C(F)(F)F)cc2)c1,845ede108ced011bee8d1e54fed4e127ac1ac205ea8d7f3a0286030f5f2a3cad
S001456,*c1ccc2c(c1)C(=O)N(c1cccc(Oc3ccc(C(c4ccc(Oc5cccc(N6C(=O)c7ccc(C(*)(C(F)(F)F)C(F)(F)F)cc7C6=O)c5)cc4)(C(F)(F)F)C(F)(F)F)cc3)c1)C2=O,99f0c57f3d1327a1c5bbabdff15061288b1e576ce75b18863b953d6bf6c0e7f4
S001457,*c1ccc2c(c1)C(=O)N(c1ccc(Oc3ccc(-c4ccc(Oc5ccc(N6C(=O)c7ccc(C(*)(C(F)(F)F)C(F)(F)F)cc7C6=O)cc5)cc4)cc3)cc1)C2=O,aaaf7bef72f775c105014bba845d137d7899541f2e57a0fd6f2e2fc2eb7b4d56
S001458,*c1ccc(Oc2ccc(N3C(=O)c4ccc(Sc5ccc6c(c5)C(=O)N(*)C6=O)cc4C3=O)cc2)cc1,52b17f9b056e0f6cedcb8c7dee9d33c83c173ae345ac3051b3da50d11f2b4bd3
S001459,*c1ccc(Oc2ccc(N3C(=O)c4ccc(S(=O)(=O)c5ccc6c(c5)C(=O)N(*)C6=O)cc4C3=O)cc2)cc1,3dd3389f92bc91a8ca28f73ce3b4a4517fd8de75b88a82eae4b3865ef8656f50
S001460,*c1ccc(Oc2ccc(N3C(=O)c4ccc([Si](C)(C)c5ccc6c(c5)C(=O)N(*)C6=O)cc4C3=O)cc2)cc1,359b6db5b0f1b8eb6a7d0a731f928b3842f23562e0af611f327f4d9c8a9bcebc
S001461,*c1ccc(Cc2ccc(N3C(=O)c4ccc(Sc5ccc6c(c5)C(=O)N(*)C6=O)cc4C3=O)cc2)cc1,11d5f1d4791024415c3516600dc619fede43fe3b9c5ca73bfcca46713b91c94c
S001462,*c1ccc(Cc2ccc(N3C(=O)c4ccc(S(=O)(=O)c5ccc6c(c5)C(=O)N(*)C6=O)cc4C3=O)cc2)cc1,636fe0ce3d2cab9f254675d0d729d9f327a474cc1293d7f7d1e1ac3406976c98
S001463,*c1ccc(Cc2ccc(N3C(=O)c4ccc(Oc5ccc(C(C)(C)c6ccc(Oc7ccc8c(c7)C(=O)N(*)C8=O)cc6)cc5)cc4C3=O)cc2)cc1,083a3d164372939b3c82a8baf4f66f07374cc6f06ed99873157b2f95846d8992
S001464,*c1ccc2c(c1)C(=O)N(c1ccc(Oc3ccc(C(C)(C)c4ccc(Oc5ccc(N6C(=O)c7ccc(C(*)(C(F)(F)F)C(F)(F)F)cc7C6=O)cc5)cc4)cc3)cc1)C2=O,294765d10d6295b4d743c19ad7dbfb8a1c8cbbbc91a49644729ac67b66961d22
S001465,*c1ccc2c(c1)C(=O)N(c1ccc(Oc3ccc(S(=O)(=O)c4ccc(Oc5ccc(N6C(=O)c7ccc(C(*)(C(F)(F)F)C(F)(F)F)cc7C6=O)cc5)cc4)cc3)cc1)C2=O,7fca47028716413864a9743acef48b2350369b955762593dd8a52c920eac8e0b
S001466,*c1ccc2c(c1)C(=O)N(c1cccc(Oc3ccc(S(=O)(=O)c4ccc(Oc5cccc(N6C(=O)c7ccc(C(*)(C(F)(F)F)C(F)(F)F)cc7C6=O)c5)cc4)cc3)c1)C2=O,dd4b6620e2900da196ae850e98850caca5f4e19e4f66f31574c888d160a4ef29
S001467,*c1ccc(C(C)(C)c2ccc(N3C(=O)c4ccc(Oc5ccc6c(c5)C(=O)N(*)C6=O)cc4C3=O)cc2)cc1,62c2cde0cbaaf2c195686324c2e7948e79be672836dec0ef3114d39ec39d99a7
S001468,*c1cccc(N2C(=O)c3ccc(Oc4ccc5c(c4)C4(CC(C)(C)c6ccc(Oc7ccc8c(c7)C(=O)N(*)C8=O)cc64)CC5(C)C)cc3C2=O)c1,ccb1cc8c5d4be12740b2d358f1c0822ff571b707666a9421e7049fe034ed2602
S001469,*c1c(C)cc(-c2cc(C)c(N3C(=O)c4ccc(S(=O)(=O)c5ccc6c(c5)C(=O)N(*)C6=O)cc4C3=O)c(C)c2)cc1C,261ed89be8caf3df65551664e3fc6e394f60f9646f314e0c5e929ffc2ac73220
S001470,*C(=O)c1ccc2c(c1)C(=O)N(c1c(C)cc(-c3cc(C)c(N4C(=O)c5ccc(*)cc5C4=O)c(C)c3)cc1C)C2=O,f7f4f4a0ff6ee7104860f3d118933ce2345ec5276d730791fe43d403182f122a
S001471,*C(=O)c1ccc2c(c1)C(=O)N(c1ccc(Cl)c(N3C(=O)c4ccc(*)cc4C3=O)c1)C2=O,f39736bf333fae3bead2fe45e97b5dd86c4aa2feef374204c54a26756ed0948c
S001472,*C(=O)c1ccc2c(c1)C(=O)N(c1ccc(Cc3ccc(Cc4ccc(N5C(=O)c6ccc(*)cc6C5=O)cc4)cc3)cc1)C2=O,f5026bfb38c6b619c4ecda1a76fe6a6e573abb8fa04255c3ead785fbb91de17d
S001473,*c1ccc(C)c(N2C(=O)c3ccc(S(=O)(=O)c4ccc5c(c4)C(=O)N(*)C5=O)cc3C2=O)c1,8697710b862576eb6f8bc47e10430f4eeb5c2ac9af98f5f9c68d149d020609d9
S001474,*C(=O)Nc1ccc(C(c2ccc(NC(=O)c3ccc(N4C(=O)c5ccc(*)cc5C4=O)cc3C)cc2)(C(F)(F)F)C(F)(F)F)cc1,3344f392efecfdbfc3386a6e920de94f0b8408051c8d7d08a684a1124906088f
S001475,*c1ccc2c(c1)C(=O)N(c1cccc(C(=O)Nc3ccc(C(c4ccc(NC(=O)c5cccc(N6C(=O)c7ccc(C(*)(C(F)(F)F)C(F)(F)F)cc7C6=O)c5)cc4)(C(F)(F)F)C(F)(F)F)cc3)c1)C2=O,e59398c5f6ab3c94928d102ae5f53f6417b1cf970b89e3c69e580268bd693ade
S001476,*c1ccc2c(c1)C(=O)N(c1cc(C(=O)Nc3ccc(C(c4ccc(NC(=O)c5ccc(C)c(N6C(=O)c7ccc(C(*)(C(F)(F)F)C(F)(F)F)cc7C6=O)c5)cc4)(C(F)(F)F)C(F)(F)F)cc3)ccc1C)C2=O,cb7f636ddbb9041fa764d90c906b505ac3afbf3a93df9ff69647bf53fd64c929
S001477,*c1ccc2c(c1)C(=O)N(c1cc(C(=O)Nc3c(C)cc(-c4cc(C)c(NC(=O)c5ccc(C)c(N6C(=O)c7ccc(C(*)(C(F)(F)F)C(F)(F)F)cc7C6=O)c5)c(C)c4)cc3C)ccc1C)C2=O,93798489ac2641522e7b83ff5c5ac15304478b2d4709525b3cb175f8e226bdb1
S001478,*c1ccc2c(c1)C(=O)N(c1cc(C(=O)Nc3cccc4c(NC(=O)c5ccc(C)c(N6C(=O)c7ccc(C(*)(C(F)(F)F)C(F)(F)F)cc7C6=O)c5)cccc34)ccc1C)C2=O,6f65eb6e24340566059050986a61b9f7b7fa997df91767a3550e545ceedd2d00
S001479,*c1ccc2c(c1)C(=O)N(c1cccc(C(=O)Nc3ccc(C(c4ccc(NC(=O)c5cccc(N6C(=O)c7ccc(C(*)(C(F)(F)F)C(F)(F)F)cc7C6=O)c5C)cc4)(C(F)(F)F)C(F)(F)F)cc3)c1C)C2=O,75e1e510fdc32b498e5eb87a9cd63e55bda907b861ef4c6aeebabfb1b5532179
S001480,*C(=O)Nc1ccc(C(c2ccc(NC(=O)c3ccc4c(c3)C(=O)N(c3c(C)cc(C)c(N5C(=O)c6ccc(*)cc6C5=O)c3C)C4=O)cc2)(C(F)(F)F)C(F)(F)F)cc1,b5056201260ffdcb85c14e790d4288e7b67176cae41a2e6dc4442c80a97b3eba
S001481,*C(=O)Nc1ccc(C(c2ccc(NC(=O)c3ccc4c(c3)C(=O)N(c3ccc(-c5ccc(N6C(=O)c7ccc(*)cc7C6=O)c(OC)c5)cc3OC)C4=O)cc2)(C(F)(F)F)C(F)(F)F)cc1,a080e3b691716cdee74b89bebc4121a5a378d3df669cb962c608b62caf8fd32c
S001482,*C(=O)Nc1ccc(C(c2ccc(NC(=O)c3ccc4c(c3)C(=O)N(c3c(C)cc(-c5cc(C)c(N6C(=O)c7ccc(*)cc7C6=O)c(C)c5)cc3C)C4=O)cc2)(C(F)(F)F)C(F)(F)F)cc1,812a4f23a97481cec8c27dc878707643af449cfb07f1b6b3c9f9e69436638cb1
S001483,*C(=O)Nc1ccc(C(c2ccc(NC(=O)c3ccc4c(c3)C(=O)N(c3c(C)cc(-c5cc(C)c(N6C(=O)c7ccc(*)cc7C6=O)c6ccccc56)c5ccccc35)C4=O)cc2)(C(F)(F)F)C(F)(F)F)cc1,0f1252274466e7358290cc5910c0208d76416ccf5031edb827ed73ae0584329a
S001484,*C(=O)Nc1ccc(C(c2ccc(NC(=O)c3ccc4c(c3)C(=O)N(c3cccc5c(N6C(=O)c7ccc(*)cc7C6=O)cccc35)C4=O)cc2)(C(F)(F)F)C(F)(F)F)cc1,41d46cf55fb0321dc5e2eefd1b7e3a7a4557d14d13b4a4079441a3948c581f75
S001485,*C(=O)Nc1cc(C(c2cc(C)c(C)c(NC(=O)c3ccc4c(c3)C(=O)N(c3cccc5c(N6C(=O)c7ccc(*)cc7C6=O)cccc35)C4=O)c2)(C(F)(F)F)C(F)(F)F)cc(C)c1C,089dba53e2bc6062d30d3dbdd6c2cf2a7fc38e6c1e08ef7dbda46c718f0ce6a3
S001486,*c1ccc(Cc2ccc(N3C(=O)c4ccc(Oc5ccc(Oc6ccc7c(c6)C(=O)N(*)C7=O)cc5)cc4C3=O)c(C)c2C)c(C)c1C,b24e4884f94e87e6c6a2b09301a481570fad9c612ce12080c687f2143d03c421
S001487,*c1cc(C)c(Cc2cc(C)c(N3C(=O)c4ccc(Oc5ccc(Oc6ccc7c(c6)C(=O)N(*)C7=O)cc5)cc4C3=O)cc2C)cc1C,ae00725c82500df3748abcb321a3da4c6669d94ccc0123726ebe38769fd8b38b
S001488,*c1ccc2c(c1)C(=O)N(c1ccc(S(=O)(=O)c3ccc(S(=O)(=O)c4ccc(N5C(=O)c6ccc(C(*)(C(F)(F)F)C(F)(F)F)cc6C5=O)cc4)cc3)cc1)C2=O,0e09e836ee011f98d5d4467da64aa80d70ecd4ff635125cc1dad755422b66268
S001489,*c1ccc2c(c1)C(=O)N(c1ccc(S(=O)(=O)c3ccc(S(=O)(=O)c4ccc(S(=O)(=O)c5ccc(N6C(=O)c7ccc(C(*)(C(F)(F)F)C(F)(F)F)cc7C6=O)cc5)cc4)cc3)cc1)C2=O,f32e3e5681564e2d020f88003e0f34654ce32852a1770a09c1459faf7522298a
S001490,*c1ccc2c(c1)C(=O)N(c1ccc(Cc3ccc(N4C(=O)c5ccc(C(C)(C)CCCCC(*)(C)C)cc5C4=O)cc3)cc1)C2=O,c90f5565ba3d89e6e0ebb3f11e7ec2c550f79767091a2ee977653f0866b3ed2c
S001491,*c1ccc2c(c1)C(=O)N(c1ccc(Oc3ccc(N4C(=O)c5ccc(C(C)(C)CCCCCCCCC(*)(C)C)cc5C4=O)cc3)cc1)C2=O,53ef4659c8a1aca982186da868874731fbaa52acf1f58c96ad4e414a5298b2ab
S001492,*C(=O)OCCOC(=O)c1ccc(N2C(=O)c3ccc(*)cc3C2=O)cc1,5531d5b6ca6f4928649d47702c435b0c869318662a78c40444f5f417a69b0053
S001493,*C(=O)OCCOC(=O)c1cccc(N2C(=O)c3ccc(*)cc3C2=O)c1,53cc9fb28371eb8b7ecff729975b27c2767d758166e7a4d562f25c923860be02
S001494,*C(=O)Nc1cccc(NC(=O)c2ccc(N3C(=O)c4ccc(*)cc4C3=O)cc2)c1,2680226880d28a4cb4d5a9fddfa6521940d6362475c972c737939d2d21fbbcb0
S001495,*c1ccc(Oc2ccc(C(c3ccc(Oc4ccc(-n5c(=O)c6cc7c(=O)n(*)c(=O)c7cc6c5=O)cc4C(F)(F)F)cc3)(C(F)(F)F)C(F)(F)F)cc2)c(C(F)(F)F)c1,84234fdfc6e505e79eb8bb03c86b187f026aabf9afd8b4df8fa79b50f6d6f7c8
S001496,*c1ccc(C(c2ccc(-n3c(=O)c4cc5c(=O)n(*)c(=O)c5cc4c3=O)cc2)(C(F)(F)F)C(F)(F)F)cc1,e191e2d4bbf8efdbddd0094405aa3f1bcdf4211cd216b5bbc70bb199b03c1939
S001497,*c1ccc(Oc2ccc(C(c3ccc(Oc4ccc(N5C(=O)c6ccc(-c7ccc8c(c7)C(=O)N(*)C8=O)cc6C5=O)cc4C(F)(F)F)cc3)(C(F)(F)F)C(F)(F)F)cc2)c(C(F)(F)F)c1,1e000a0444bdad62338bef42ac8f396bf94fadc855ab0777c9ae8e4930a07afc
S001498,*C(=O)c1ccc2c(c1)C(=O)N(c1ccc(Oc3ccc(C(c4ccc(Oc5ccc(N6C(=O)c7ccc(*)cc7C6=O)cc5C(F)(F)F)cc4)(C(F)(F)F)C(F)(F)F)cc3)c(C(F)(F)F)c1)C2=O,2e41ac7b62e947cfe0b583a4fa11ea91ad9ade4738a234a7abe1df089ee75c6b
S001499,*c1ccc2c(c1)C(=O)N(c1cccc(C(C)(C)c3ccc(N4C(=O)c5ccc(C(*)(C(F)(F)F)C(F)(F)F)cc5C4=O)cc3)c1)C2=O,a2a8085fe490244296e4abc0ada2dc34ba761ac340b9d3f2298349b378212c26
S001500,*c1ccc2c(c1)C(=O)N(c1ccc(Oc3ccc(C(c4ccc(Oc5ccc(N6C(=O)c7ccc(C(*)(C(F)(F)F)C(F)(F)F)cc7C6=O)cc5C(F)(F)F)cc4)(C(F)(F)F)C(F)(F)F)cc3)c(C(F)(F)F)c1)C2=O,880e357f0a91c174c9512e79c6f7cd7bd7713fe9e04acb18394dafdce0ec857b
S001501,*c1ccc2c(c1)C(=O)N(c1ccc(Sc3ccc(N4C(=O)c5ccc(C(*)(C(F)(F)F)C(F)(F)F)cc5C4=O)cc3)cc1)C2=O,e7664050c5ebffdcf410e35dcf7980500fdf789f293ea3920dce7fd09644de92
S001502,*c1ccc2c(c1)C(=O)N(c1ccc(Sc3ccc(Sc4ccc(N5C(=O)c6ccc(C(*)(C(F)(F)F)C(F)(F)F)cc6C5=O)cc4)cc3)cc1)C2=O,11c0ab9b240246e05878cb8f754b02338ac0327accf91bb6e64222def3f98a97
S001503,*c1ccc2c(c1)C(=O)N(c1ccc(Sc3ccc(Sc4ccc(Sc5ccc(N6C(=O)c7ccc(C(*)(C(F)(F)F)C(F)(F)F)cc7C6=O)cc5)cc4)cc3)cc1)C2=O,e54ca67e9b539aa18a7cc0fe68fe4c57cdd5fc9fabbce669d82b399ad27de159
S001504,*c1ccc2c(c1)C(=O)N(c1ccc(Sc3ccc(Sc4ccc(Sc5ccc(Sc6ccc(N7C(=O)c8ccc(C(*)(C(F)(F)F)C(F)(F)F)cc8C7=O)cc6)cc5)cc4)cc3)cc1)C2=O,89feefdce01650950c16b179dd5ed0dcbdcc4d99fd326f88d2fd6d6f2c6ec32d
S001505,*c1ccc2c(c1)C(=O)N(c1ccc(OC(CCCCCC)COc3ccc(N4C(=O)c5ccc(C(*)(C(F)(F)F)C(F)(F)F)cc5C4=O)cc3)cc1)C2=O,1e75e58031807035a1452e11bba56aa710d51831732d141c793e3c3f42976602
S001506,*c1ccc2c(c1)C(=O)N(c1ccc(OC(CCC)COc3ccc(N4C(=O)c5ccc(C(*)(C(F)(F)F)C(F)(F)F)cc5C4=O)cc3)cc1)C2=O,312407f43d4a9cde40a64bcca5b53cd66e05946b3011236bfd73a71a5e4bc98f
S001507,*c1ccc2c(c1)C(=O)N(c1ccc(OC(C)COc3ccc(N4C(=O)c5ccc(C(*)(C(F)(F)F)C(F)(F)F)cc5C4=O)cc3)cc1)C2=O,5c90485ddfd6f24aabc4e659ff877fdd749750db334a7e8f11a46c8e6d3496f8
S001508,*c1ccc2c(c1)C(=O)N(c1ccc(N(C)CCN(C)c3ccc(N4C(=O)c5ccc(C(*)(C(F)(F)F)C(F)(F)F)cc5C4=O)cc3)cc1)C2=O,41a7361e3f73c22e76aa23fbeaeeb1ebdcef93948646a97f308a2341ba459adf
S001509,*c1c(C)cc(C)c(N2C(=O)c3ccc(Oc4ccc(Oc5ccc6c(c5)C(=O)N(*)C6=O)cc4)cc3C2=O)c1C,6bf044c7b806fae99efaf14c823b4cbee2d519ba1795c58a9c7ffcae26d1bb22
S001510,*c1c(C)cc(C)c(N2C(=O)c3ccc(S(=O)(=O)c4ccc5c(c4)C(=O)N(*)C5=O)cc3C2=O)c1C,053f43226b417c0fdcd467dff490b428aa21a2174301d8af5eb3d5fcd5c62432
S001511,*c1c(C)cc(C)c(N2C(=O)c3ccc(Sc4ccc5c(c4)C(=O)N(*)C5=O)cc3C2=O)c1C,c7aae589d899702e4e545b750d5553c37531ae565e106f8e951361eb9959a6b6
S001512,*c1c(C)cc(C)c(-n2c(=O)c3cc4c(=O)n(*)c(=O)c4cc3c2=O)c1C,c89045b092c3b6d9c8b04ee1fbcc7451c47bc8743e2e267c1eaa7210abd44315
S001513,*c1cc(Br)c(-c2c(Br)cc(N3C(=O)c4ccc(-c5ccc6c(c5)C(=O)N(*)C6=O)cc4C3=O)cc2C(=O)OCCCCCCCCCCCCCCCCCC)c(C(=O)OCCCCCCCCCCCCCCCCCC)c1,8805684daca52e92779acf00e29c38cdf20ebd1df691dbfd59f097f64a854821
S001514,*c1cc(Br)c(-c2c(Br)cc(N3C(=O)c4ccc(-c5ccc6c(c5)C(=O)N(*)C6=O)cc4C3=O)cc2C(=O)OCCCCCCCCCCCCCCCC)c(C(=O)OCCCCCCCCCCCCCCCC)c1,090d5eccf1957c5e9847cc7cea24869bbcc5bd1b248979d45efc93a7bd1c5edb
S001515,*c1cc(Br)c(-c2c(Br)cc(N3C(=O)c4ccc(-c5ccc6c(c5)C(=O)N(*)C6=O)cc4C3=O)cc2C(=O)OCCCCCCCCCCCCCC)c(C(=O)OCCCCCCCCCCCCCC)c1,be4d02104735d7ed9fd154a1c425b16d723ccd13a6fd44ba3f9f8222acc732d0
S001516,*c1cc(Br)c(-c2c(Br)cc(N3C(=O)c4ccc(-c5ccc6c(c5)C(=O)N(*)C6=O)cc4C3=O)cc2C(=O)OCCCCCCCCCCCC)c(C(=O)OCCCCCCCCCCCC)c1,c7411062f6428c39e8ba87f0d9820b8e02026df9702ba5bb7e7af481c260b205
S001517,*c1cc(Br)c(-c2c(Br)cc(N3C(=O)c4ccc(-c5ccc6c(c5)C(=O)N(*)C6=O)cc4C3=O)cc2C(=O)OCCCCCCCCCC)c(C(=O)OCCCCCCCCCC)c1,e056bd8a0fb26b78b481e06c19de4dca902c491d170ee5bd218b439f38c218e0
S001518,*c1cc(Br)c(-c2c(Br)cc(N3C(=O)c4ccc(-c5ccc6c(c5)C(=O)N(*)C6=O)cc4C3=O)cc2C(=O)OCCCCCCCC)c(C(=O)OCCCCCCCC)c1,c2d2739479772df04ee0bc5c2a70dddda31db5ee2bc8576782ef4249a7b8c736
S001519,*c1cc(Br)c(-c2c(Br)cc(N3C(=O)c4ccc(-c5ccc6c(c5)C(=O)N(*)C6=O)cc4C3=O)cc2C(=O)OCCCCCC)c(C(=O)OCCCCCC)c1,941d86c393c6f935808f2672f7b30e46332a9140e43c7ed8bdc7bb2b8197163d
S001520,*c1cc(Br)c(-c2c(Br)cc(N3C(=O)c4ccc(-c5ccc6c(c5)C(=O)N(*)C6=O)cc4C3=O)cc2C(=O)OCCCC)c(C(=O)OCCCC)c1,f1ee3bbaacc29888483113602e88fbe05682c5c7a97af90e97150308a7ca0fe3
S001521,*CC(c1ccccc1)C1C(=O)N(CCCCCCCC)C(=O)C1*,8b79c08fca74feb81a183c4b2047efdb160fa8ca9e84048267c777a5ff0cac55
S001522,*CC(c1ccccc1)C1C(=O)N(CCCCCCCCCC)C(=O)C1*,b0d64d33215cf5ac32f23045e1967935dc731d0ac90691b31acfc1f600afaa11
S001523,*CC(c1ccccc1)C1C(=O)N(CCCCCCCCCCCC)C(=O)C1*,a6b3d26905e1efdae145d847e0ac2cd8c09129269fa11636173cdcadab9fe829
S001524,*CC(c1ccccc1)C1C(=O)N(CCCCCCCCCCCCCC)C(=O)C1*,85b8a53f09329dc4a65eeb8e1cba5e041aeb4632565987af6eef1305ccb0f70c
S001525,*CC(c1ccccc1)C1C(=O)N(CCCCCCCCCCCCCCCC)C(=O)C1*,edacd54b003206a5b6c2dcb3814e64ae692021f88884cc999dcf3383eb9afa99
S001526,*CC(c1ccccc1)C1C(=O)N(CCCCCCCCCCCCCCCCCC)C(=O)C1*,0765eb446df025e89fac5c9b05a50b59762b1811abd8bf961e4a3f9aa542bbe2
S001527,*c1ccc(-c2ccc(-n3c(=O)c4cc5c(=O)n(*)c(=O)c5cc4c3=O)cc2OC)c(OC)c1,010646611371a7caf80bac431fcbe2ec6b38dc81ebe764b8947b582785a17c8b
S001528,*c1ccc(-c2ccc(-n3c(=O)c4cc5c(=O)n(*)c(=O)c5cc4c3=O)cc2F)c(F)c1,2eb200b01190e23e81f1c58634f18a560ec8439a675d8ef7bcd5f927df030a42
S001529,*CC(=O)Nc1ccc(Oc2c(F)c(F)c(Oc3ccc(NC(=O)c4ccc5c(c4)C(=O)N(*)C5=O)cc3)c(F)c2F)cc1,67d8ef838449a72f005fa37e812dc393b8138fae15e98931cc76b873448a7a45
S001530,*CC(=O)Nc1ccc(C2(c3ccc(NC(=O)c4ccc5c(c4)C(=O)N(*)C5=O)cc3)c3ccccc3-c3ccccc32)cc1,3e1d788d7d47aa52e30ab38e136635c94ef83cdc2e337571d1919770048e98e7
S001531,*CC(=O)Nc1ccc(C2(c3ccc(NC(=O)Cn4c(=O)c5cc6c(=O)n(*)c(=O)c6cc5c4=O)cc3)c3ccccc3-c3ccccc32)cc1,115bfb69617822a17644b60dfcbe1dd65d0d3aeaa1e51cf922dc88e0383c4c9b
S001532,*c1ccc2c(c1)C(=O)N(c1ccc(C(C)(C)c3ccc(C(C)(C)c4ccc(N5C(=O)c6ccc(C(*)(C(F)(F)F)C(F)(F)F)cc6C5=O)cc4)cc3)cc1)C2=O,bae82b6cd7ab55d621ed24c39c82e0bb1df57de0d2a871edff85b770c0feb788
S001533,*C(=O)Nc1ccc(N2C(=O)c3ccc(*)cc3C2=O)cc1,fc97fddd64fd19b4c810d4a79f3dd72dbcb1d444b8987bbe2b085cab837b4040
S001534,*C(=O)Nc1ccc(-c2ccc(N3C(=O)c4ccc(*)cc4C3=O)c(C)c2)cc1C,fddb6a08155c37facb22ce8bc08f9cc5a769005022000e0c715952c67c24d041
S001535,*C(=O)Nc1c(C)cc(-c2cc(C)c(N3C(=O)c4ccc(*)cc4C3=O)c(C)c2)cc1C,57ff0d40929448d9ba825078b7d13d623c46d29bf31a14d69f8d2c16123f44cc
S001536,*c1ccc(C(c2ccc(N3C(=O)c4cc5c(cc4C3=O)C(C(F)(F)F)(C(F)(F)F)c3cc4c(cc3O5)C(=O)N(*)C4=O)cc2)(C(F)(F)F)C(F)(F)F)cc1,968f98adfa7c7b0ae44a95e61f9a1826c6385e9c492a0e67566c41399a963cf3
S001537,*c1ccc2c(c1)C(=O)N(c1cc(C(c3ccc(O)c(N4C(=O)c5ccc(C(*)(C(F)(F)F)C(F)(F)F)cc5C4=O)c3)(C(F)(F)F)C(F)(F)F)ccc1O)C2=O,33bc750d678e52be034e31ba685f4182463128f7958b0949939090d53141b289
S001538,*c1ccc(Oc2c(C)cc(Cc3cc(C)c(Oc4ccc(-n5c(=O)c6cc7c(=O)n(*)c(=O)c7cc6c5=O)cc4)c(C)c3)cc2C)cc1,9a54989add890024ab539aa534592cf8237a3798269e80470ac8bb4ab1c1c167
S001539,*c1ccc(Oc2c(C)cc(Cc3cc(C)c(Oc4ccc(N5C(=O)c6ccc(-c7ccc8c(c7)C(=O)N(*)C8=O)cc6C5=O)cc4)c(C)c3)cc2C)cc1,22e39471f69a85d7740207d204f90f063796dd96a8add822f3b35606ae592181
S001540,*C(=O)c1ccc2c(c1)C(=O)N(c1ccc(Oc3c(C)cc(Cc4cc(C)c(Oc5ccc(N6C(=O)c7ccc(*)cc7C6=O)cc5)c(C)c4)cc3C)cc1)C2=O,95429e784b8aa48ac8b5b6ebb31d90abe55ef5d4d0f1e6861bb3932a950b78a8
S001541,*c1ccc2c(c1)C(=O)N(c1ccc(Oc3c(C)cc(Cc4cc(C)c(Oc5ccc(N6C(=O)c7ccc(C(*)(C(F)(F)F)C(F)(F)F)cc7C6=O)cc5)c(C)c4)cc3C)cc1)C2=O,e82c4bee03163852aeaaa0caa16f76ec38e50fee0cceca66187653c0b0e09671
S001542,*c1c(C)cc(C(c2cc(C)c(-n3c(=O)c4cc5c(=O)n(*)c(=O)c5cc4c3=O)c(C)c2)c2cccc3ccccc23)cc1C,05cbc3d507a85d0bc910218def76752aeb6922ec7fb7802c52017d7687168c39
S001543,*c1c(C)cc(C(c2cc(C)c(N3C(=O)c4ccc(-c5ccc6c(c5)C(=O)N(*)C6=O)cc4C3=O)c(C)c2)c2cccc3ccccc23)cc1C,4e21f81a2fac136505aead18ef0c936144c8f9739be8574c9e3a818a7f9c560a
S001544,*C(=O)c1ccc2c(c1)C(=O)N(c1c(C)cc(C(c3cc(C)c(N4C(=O)c5ccc(*)cc5C4=O)c(C)c3)c3cccc4ccccc34)cc1C)C2=O,5e2a7a54dc0ac335d8bb91567a6708852d579788fc7b6a576d325379c1240dc1
S001545,*c1ccc2c(c1)C(=O)N(c1c(C)cc(C(c3cc(C)c(N4C(=O)c5ccc(C(*)(C(F)(F)F)C(F)(F)F)cc5C4=O)c(C)c3)c3cccc4ccccc34)cc1C)C2=O,a918c896225917797b0cb441e721f8c9652051d662d2ebf9bda3ffecfbc9d4f1
S001546,*c1ccc(Oc2c(C)cc(C(c3cc(C)c(Oc4ccc(-n5c(=O)c6cc7c(=O)n(*)c(=O)c7cc6c5=O)cc4)c(C)c3)c3cccc4ccccc34)cc2C)cc1,e5db1184e04019074910155f64bcbcd0776f5bcab06c35993e3541be4194b49f
S001547,*c1ccc(Oc2c(C)cc(C(c3cc(C)c(Oc4ccc(N5C(=O)c6ccc(-c7ccc8c(c7)C(=O)N(*)C8=O)cc6C5=O)cc4)c(C)c3)c3cccc4ccccc34)cc2C)cc1,9b0843c9fde7194ae3106074d45717e95020a5362da14ff0c14f086255144615
S001548,*C(=O)c1ccc2c(c1)C(=O)N(c1ccc(Oc3c(C)cc(C(c4cc(C)c(Oc5ccc(N6C(=O)c7ccc(*)cc7C6=O)cc5)c(C)c4)c4cccc5ccccc45)cc3C)cc1)C2=O,af93dbe902c11e1109a28237230bdd0deb4afa9558b2d6f03f25dbdd48b1567d
S001549,*c1ccc(Oc2ccc(N3C(=O)CC4C(CC5C(=O)N(*)C(=O)C54)C3=O)cc2)cc1,891f83ae5081484e6de67c4064f68a121b988d3c4032151ea682569d43d42683
S001550,*/C=C/C1CC(*)C2C(=O)N(CCCC)C(=O)C12,f66fabe408f4f1af0e96d79e47729bcfb8c1da4bf955e25f9885a12d6074a8eb
S001551,*/C=C/C1CC(*)C2C(=O)N(CCCCC)C(=O)C12,5f5227c88d551cdfc2b38e669720ac5ced3b87ffcfb21d89a187317abc87395c
S001552,*/C=C/C1CC(*)C2C(=O)N(CCCCCC)C(=O)C12,ddd752b88d4fba273aee07a08d29afc65751d07f113c38d22bebc46595f5a1a1
S001553,*C(=O)c1ccc2c(c1)C(=O)N(c1cc(C(c3ccc(O)c(N4C(=O)c5ccc(*)cc5C4=O)c3)(C(F)(F)F)C(F)(F)F)ccc1O)C2=O,049b0b3d1f0cfc5080da2b5f9745206144800b4c6b8b286e9fc24c054577e66b
S001554,*c1ccc2c(c1)C(=O)N(c1cc(-c3ccc(O)c(N4C(=O)c5ccc(C(*)(C(F)(F)F)C(F)(F)F)cc5C4=O)c3)ccc1O)C2=O,aa6b5c130c3410a10826f972ac033cab91d5572e145d0e29916620235465b876
S001555,*C(=O)c1ccc2c(c1)C(=O)N(c1ccc(-c3ccc(N4C(=O)c5ccc(*)cc5C4=O)cc3C)c(C)c1)C2=O,3a3ba958cf8e9138e4f72431023886f848311fdbde911f4b6ec8058ff25ac29b
S001556,*C(=O)c1ccc2c(c1)C(=O)N(c1c(C)c(N3C(=O)c4ccc(*)cc4C3=O)c(C)c3c1C(C)(C)CC3)C2=O,44b14c997e3162b78091755904e3e9de5757483a84b418ea9d9493f7d31f2d53
S001557,*c1c(C)c(N2C(=O)c3ccc(Oc4ccc5c(c4)C(=O)N(*)C5=O)cc3C2=O)c(C)c2c1C(C)(C)CC2,30230862dd1635091917d603e58284d4af1ebe35df838700afb15cf17a50aac6
S001558,*c1c(C)c(N2C(=O)c3ccc(-c4ccc5c(c4)C(=O)N(*)C5=O)cc3C2=O)c(C)c2c1C(C)(C)CC2,3b4293626a30d37aa78861ca8826d7bfbdc83dd31737149c8ed98ea3ad204b4a
S001559,*c1ccc2c(c1)C(=O)N(c1c(C)c3c(c(N4C(=O)c5ccc(C(*)(C(F)(F)F)C(F)(F)F)cc5C4=O)c1C)C(C)(C)CC3)C2=O,b27f46e0f555144d9e39e492f6d561bd61d42d0ee9877bc5c584b7aadc908e7b
S001560,*c1ccc(Oc2ccc(C(c3ccc(Oc4ccc(N5C(=O)c6ccc(Oc7ccc(C(c8ccc(Oc9ccc%10c(c9)C(=O)N(*)C%10=O)cc8)(C(F)(F)F)C(F)(F)F)cc7)cc6C5=O)cc4)cc3)(C(F)(F)F)C(F)(F)F)cc2)cc1,ab8ec5b92ed7c23c3445d558be124489d2ddae33bb1ae2e27c1c811e91c8eab5
S001561,*c1cc(N2C(=O)c3ccc(Oc4ccc(C(c5ccc(Oc6ccc7c(c6)C(=O)N(*)C7=O)cc5)(C(F)(F)F)C(F)(F)F)cc4)cc3C2=O)cc(C(F)(F)F)c1,d1a3616fabc5d20c8bf32cb52e9e61de52789576635320ce59feb0e743af1d56
S001562,*C(=O)c1ccc2c(c1)C(=O)N(c1ccc(C(C)(C)c3ccc(C(C)(C)c4ccc(N5C(=O)c6ccc(*)cc6C5=O)cc4)cc3)cc1)C2=O,18b86b499c7aa342bffde23ae5a27d9d81e3dde58b96ada646f48045b7c26cf5
S001563,*C(=O)c1ccc2c(c1)C(=O)N(c1ccc(C(C)(C)c3cccc(C(C)(C)c4ccc(N5C(=O)c6ccc(*)cc6C5=O)cc4)c3)cc1)C2=O,209c7852aac8b98ffcbdd8af03dbaf96fecfca6f41bcde8bfbd58d03bc89b7fe
S001564,*c1ccc(Oc2ccc(C(c3ccc(Oc4ccc(-n5c(=O)c6ccc7c(=O)n(*)c(=O)c8ccc(c5=O)c6c78)cc4)cc3)(C(F)(F)F)C(F)(F)F)cc2)cc1,7e929911dc279b5533a5af003211a99d2b6c02be2430df05065a850796496fbf
S001565,*c1ccc(Oc2ccc(C(c3ccc(Oc4ccc(-n5c(=O)c6ccc7c(=O)n(*)c(=O)c8ccc(c5=O)c6c78)cc4)c(S(=O)(=O)O)c3)(C(F)(F)F)C(F)(F)F)cc2S(=O)(=O)O)cc1,6fda824156169277108c0bae56fdb42e6a932cad0c77dc1960b9e3218178da4b
S001566,*c1ccc(N2C(=O)c3ccc(Oc4ccc(C(C)(C)c5cccc(Oc6ccc7c(c6)C(=O)N(*)C7=O)c5)cc4)cc3C2=O)cc1,ea8bff8b969dd2eaad5b41b8a340a29dcca715026ff69e1df1d7caa9375c4628
S001567,*c1ccc(Oc2ccc(-c3ccc(Oc4ccc(N5C(=O)c6cccc(Oc7ccc(C(C)(C)c8ccc(Oc9cccc%10c9C(=O)N(*)C%10=O)cc8)cc7)c6C5=O)cc4)cc3)cc2)cc1,b5ae355fd3c2e76a273b1e55ccc0795d46d8c0a8fea4c9e9566477463312a5a0
S001568,*c1ccc(Oc2ccc(-c3ccc(Oc4ccc(N5C(=O)c6cccc(Oc7c(C)cc(Cc8cc(C)c(Oc9cccc%10c9C(=O)N(*)C%10=O)c(C)c8)cc7C)c6C5=O)cc4)cc3)cc2)cc1,96c3c6be22fb06428a1bef0f91477d7ed7961ffa4a8eaeb2970ad475ab400c4c
S001569,*c1ccc(Oc2ccc(-c3ccc(Oc4ccc(N5C(=O)c6cccc(Oc7cc(C(C)(C)C)c(Oc8cccc9c8C(=O)N(*)C9=O)cc7C(C)(C)C)c6C5=O)cc4)cc3)cc2)cc1,7d73d4205a4989da5c77e091ce6d7123be7f1ee1c377047992fa875267061792
S001570,*c1ccc(Oc2ccc(-c3ccc(Oc4ccc(N5C(=O)c6cccc(Oc7ccc(C(c8ccc(Oc9cccc%10c9C(=O)N(*)C%10=O)cc8)(C(F)(F)F)C(F)(F)F)cc7)c6C5=O)cc4)cc3)cc2)cc1,695f88738b1d2812453ab439a7a279b465167911f4492afcc74311b911df8f01
S001571,*c1c(C)cc(Cc2cc(C)c(N3C(=O)c4ccc(Oc5ccc(C(C)(C)c6ccc(Oc7ccc8c(c7)C(=O)N(*)C8=O)cc6)cc5)cc4C3=O)c(C)c2)cc1C,4fa0d930379c7d632a4b37895b6bc6002f7c879c4dfe11e497f03fe8946527dd
S001572,*c1ccc(Oc2ccc(-c3ccc(Oc4ccc(N5C(=O)c6ccc(Oc7ccc(C(C)(C)c8ccc(Oc9ccc%10c(c9)C(=O)N(*)C%10=O)cc8)cc7)cc6C5=O)cc4)cc3)cc2)cc1,f88b137bded043971d86e31bb0cbcea75296ea5bf181e3e521495e22f757a41c
S001573,*c1c(C)cc(Cc2cc(C)c(N3C(=O)c4ccc(Oc5c(C)cc(Cc6cc(C)c(Oc7ccc8c(c7)C(=O)N(*)C8=O)c(C)c6)cc5C)cc4C3=O)c(C)c2)cc1C,b603a603aa72661704f0aab4e6cca56572d3c20add53539939942ac772d24b5d
S001574,*c1c(C)cc(Cc2cc(C)c(N3C(=O)c4ccc(Oc5c(C)cc(-c6cc(C)c(Oc7ccc8c(c7)C(=O)N(*)C8=O)c(C)c6)cc5C)cc4C3=O)c(C)c2)cc1C,69a156715e469d106afc1ade257c9492d92fbd743bac6ad32628f66bf7203615
S001575,*c1ccc(Oc2ccc(-c3ccc(Oc4ccc(N5C(=O)c6ccc(Oc7cc(C(C)(C)C)c(Oc8ccc9c(c8)C(=O)N(*)C9=O)cc7C(C)(C)C)cc6C5=O)cc4)cc3)cc2)cc1,c0be25a657845a0caa581e55a7ccf84d00adde8ccd926be80b7234504588dfa2
S001576,*c1ccc(Oc2ccc(-c3ccc(Oc4ccc(N5C(=O)c6ccc(Oc7ccc(C(c8ccc(Oc9ccc%10c(c9)C(=O)N(*)C%10=O)cc8)(C(F)(F)F)C(F)(F)F)cc7)cc6C5=O)cc4)cc3)cc2)cc1,8c4a4eb926bae7eea5320d47bb63f32dfc85c726504689ec39803d167fba012a
S001577,*c1cc(C(c2ccc(O)c(N3C(=O)c4ccc(Oc5ccc6c(c5)C(=O)N(*)C6=O)cc4C3=O)c2)(C(F)(F)F)C(F)(F)F)ccc1O,b7bb40a193a945bcdba704a3ad91611d63402d6aa75432e520ca8bb1c5eceaed
S001578,*c1ccc(Oc2ccc(C(C)(C)c3ccc(Oc4ccc(N5C(=O)c6ccc(Oc7ccc(C(C)(C)c8ccc(Oc9ccc%10c(c9)C(=O)N(*)C%10=O)cc8)cc7)cc6C5=O)cc4)cc3)cc2)cc1,7fbc544859ca6b672f65ff5e4a8b402e96b21df2df0b1e3ec9a378533d830cae
S001579,*c1ccc(S(=O)(=O)c2ccc(N3C(=O)c4ccc(Oc5ccc(C(C)(C)c6ccc(Oc7ccc8c(c7)C(=O)N(*)C8=O)cc6)cc5)cc4C3=O)cc2)cc1,93b27e16b1624f87b717e3ddc5e4ccfdc227459af99ea8b9c97133af1bcc5934
S001580,*C1C(=O)N(Nc2ccccc2)C(=O)C1*,89a6eebff6a91da0d547e880dcafa8d6ea577f6968a6f4b1c1a65cec42660a4e
S001581,*c1cc(C(c2ccc(O)c(N3C(=O)c4ccc(-c5ccc6c(c5)C(=O)N(*)C6=O)cc4C3=O)c2)(C(F)(F)F)C(F)(F)F)ccc1O,4740619a269b5443dd0d94453bc457606622a2c4678080e9d1ce81c727a025bc
S001582,*c1ccc(-c2ccc(Oc3ccc(C4(C)CC(C)(C)c5ccc(Oc6ccc(-c7ccc(-n8c(=O)c9cc%10c(=O)n(*)c(=O)c%10cc9c8=O)cc7)cc6C(F)(F)F)cc54)cc3)c(C(F)(F)F)c2)cc1,5b1ca85fa5e507f4f0ebbed02ecdf6e5bb04b96a36555458679ac9ab492d2426
S001583,*C(=O)c1ccc2c(c1)C(=O)N(c1ccc(-c3ccc(Oc4ccc(C5(C)CC(C)(C)c6ccc(Oc7ccc(-c8ccc(N9C(=O)c%10ccc(*)cc%10C9=O)cc8)cc7C(F)(F)F)cc65)cc4)c(C(F)(F)F)c3)cc1)C2=O,707bd7396adb53dd33184a94dfc21c7be95aa97548c1e553cd1fbbdc4f4569fb
S001584,*c1ccc2c(c1)C(=O)N(c1ccc(-c3ccc(Oc4ccc5c(c4)C(C)(c4ccc(Oc6ccc(-c7ccc(N8C(=O)c9ccc(C(*)(C(F)(F)F)C(F)(F)F)cc9C8=O)cc7)cc6C(F)(F)F)cc4)CC5(C)C)c(C(F)(F)F)c3)cc1)C2=O,f9d124d45b2c6ca8458fe8e3a02c91ce117051f66e5811546fd812fdea97524e
S001585,*c1ccc(-c2ccc(Oc3ccc(C4(C)CC(C)(C)c5ccc(Oc6ccc(-c7ccc(N8C(=O)c9ccc(Oc%10ccc%11c(c%10)C(=O)N(*)C%11=O)cc9C8=O)cc7)cc6C(F)(F)F)cc54)cc3)c(C(F)(F)F)c2)cc1,393deb11ccebee279b17eca4b515612ef982b45ef6a252102575fd57f55eccb3
S001586,*c1ccc(-c2ccc(Oc3ccc(C4(C)CC(C)(C)c5ccc(Oc6ccc(-c7ccc(N8C(=O)c9ccc(Oc%10ccc(C(C)(C)c%11ccc(Oc%12ccc%13c(c%12)C(=O)N(*)C%13=O)cc%11)cc%10)cc9C8=O)cc7)cc6C(F)(F)F)cc54)cc3)c(C(F)(F)F)c2)cc1,9683565b56e360efa45d01df18b79e6443b275151cab839f888bb019af4261ff
S001587,*c1ccc(-c2ccc(N3C(=O)c4ccc(-c5cccc6c5C(=O)N(*)C6=O)cc4C3=O)cc2C(F)(F)F)c(C(F)(F)F)c1,fc2832ca21aaa0f9a7accf92c8953c31fc3910ca717f42ff394e207303d07d50
S001588,*C(=O)Nc1ccc(C2(c3ccc(NC(=O)c4ccc5c(c4)C(=O)N(c4ccc(Sc6ccc(Oc7ccc(Sc8ccc(N9C(=O)c%10ccc(*)cc%10C9=O)cc8)cc7)cc6)cc4)C5=O)cc3)c3ccccc3-c3ccccc32)cc1,f122e3d5f8d53499b7a4ce4385df411f0899faa0f7bd8138991df2172f09ac4c
S001589,*c1ccc(Sc2ccc(Oc3ccc(Sc4ccc(N5C(=O)c6ccc(Oc7ccc(C(C)(C)c8ccc(Oc9ccc%10c(c9)C(=O)N(*)C%10=O)cc8)cc7)cc6C5=O)cc4)cc3)cc2)cc1,a4f35aec0e4b2ec0dd06792cc5e3ccd91af68c7647a33d3c8af38f6acfc9a3be
S001590,*c1ccc2c(c1)C(=O)N(c1ccc(Sc3ccc(Oc4ccc(Sc5ccc(N6C(=O)c7ccc(C(*)(C(F)(F)F)C(F)(F)F)cc7C6=O)cc5)cc4)cc3)cc1)C2=O,a3a2c0bf5c873268e0f2828f93022319737fb39c3512016d3228922dbf201fee
S001591,*c1ccc2c(c1)C(=O)N(c1cc(C(c3ccc(OC(C)=O)c(N4C(=O)c5ccc(C(*)(C(F)(F)F)C(F)(F)F)cc5C4=O)c3)(C(F)(F)F)C(F)(F)F)ccc1OC(C)=O)C2=O,6c1a1dc9e6aecfc7d0d5d4600857e427aeaa6a7cb056bbfc7928c2b274dc48f4
S001592,*CC(c1ccccc1)C1C(=O)OC(=O)C1*,cc34dc3ead088877d5a63e13c7721201747235763a64be1f5ad592a28facb2b9
S001593,*Oc1c(Cl)cc(C2(c3cc(Cl)c(OC(*)=O)c(Cl)c3)CC3CCC2C3)cc1Cl,9d9997ad6a3e3c2f974917a21455c8a2254dd4994231866bdc41b8d00473710f
S001594,*Oc1ccc(C2(c3ccc(OC(*)=O)cc3)CC3CC2C2CCCC32)cc1,25257c5c999ce18beeeb6fd86885d7c4fba75745edc73f209f889ef97d23b148
S001595,*OC(C)COC(*)=O,57f6b1e2e99602c0ff88a85c8f953a9d6f1bf407dd2d5ce3aaa7b4604005ff14
S001596,*Oc1ccc(C2(c3ccc(OC(*)=O)cc3)CC(C)CC(C)(C)C2)cc1,fffd0397ff6a677cd770c5cf73d25c7d87aa4fc492e95f98b67814832ae94557
S001597,*Oc1c(C)cc(C(c2cc(C)c(OC(*)=O)c(C)c2)(C(F)(F)F)C(F)(F)F)cc1C,8bee022d3cf634253c7addd24c51878db3bb3d9145a394198a2cf1dd76e304eb
S001598,*Oc1ccc2c(c1)C1(CC2(C)C)CC(C)(C)c2ccc(OC(*)=O)cc21,b63dbaef41a7fef825d577b54c6c5b2293a9dbe5c51cceb4cf93b05c06d200b0
S001599,*Oc1ccc(C(C)(C)c2ccc(OC(*)=O)c(CC)c2)cc1CC,f3ad828b231a7caad7b30927b185a52864239670b727e5ff757619ccb3af0da4
S001600,*Oc1ccc(C(C)(CCC#N)c2ccc(OC(*)=O)cc2)cc1,3a1e54d437cf1b25f6e0deff53e00ef9fef61b2002f6bcf2448544ba9ba8e4d9
S001601,*Oc1ccc(C(C)(CCC#N)c2ccc(OC(*)=O)c(C)c2)cc1C,db85995b76995fe63dcfc75ecd10c458762074d76ed02c66762ba0680ba64515
S001602,*Oc1ccc(C(CCC)(CCC)c2ccc(OC(*)=O)c(C)c2)cc1C,7fe77da5ee92aa39e8be0d364ab26b44cadea5a185ead5a90bbfa7c4fd71501c
S001603,*Oc1ccc(C(CCCC)(CCCC)c2ccc(OC(*)=O)cc2)cc1,e2da6a9f6f8a9f5dff516d3b67fccb081f3775feffaa3c8ace7bb6b43d91e583
S001604,*Oc1ccc(C2(c3ccc(OC(*)=O)cc3)CCCCCC2)cc1,3f41c3acfa6e573ab86162e792dca1327dc0ad9c9fe0fcb21610d1913e16e28b
S001605,*CCCCCCCCCSC(=O)S*,843972308d8f68a8e32925e985b5a6701989ce47d980664267bb96e4c2979cf1
S001606,*CCCCCCCCCCCCSC(=O)S*,df33a65601507a2eb729c04ead95a7e04eb51781a6ecdbb04d7f501a59445dc8
S001607,*Sc1ccc(Cc2ccc(SC(*)=O)cc2)cc1,b5fabfe734852b9d611d77a7e06673279c0bb349c487c90dd8a3b63c79ce8438
S001608,*Oc1ccc(C(C)(C)c2ccc(OC(=O)SCCCSC(*)=O)cc2)cc1,bbaec60c1c99bcaa0dbd1e9ffb551a6c5614b6ea45ba8666715b2ea0828c69ff
S001609,*Oc1ccc(C(C)(C)c2ccc(OC(=O)SCCCCCCSC(*)=O)cc2)cc1,234197b46d97b081e736829d9baf620ea43b156eb2283cb701621dc248ba9cb6
S001610,*Oc1ccc(C(C)(C)c2ccc(OC(=O)Sc3ccc(C(C)(C)c4ccc(SC(*)=O)cc4)cc3)cc2)cc1,f86069a5c34a5eca75aab0b0b0d577c0828e7d9cf9704bc78e14d8ce0bee2e49
S001611,*N=P(*)(OCC(F)(F)C(F)(F)C(F)(F)F)OCC(F)(F)C(F)(F)C(F)(F)F,0c80050e89180f21de721d8e24c19a7b0caed308d7263212330da47338a3d7fe
S001612,*N=P(*)(OCC(F)(F)C(F)F)OCC(F)(F)C(F)F,1c5943d862c113dbc5b67f89df86308b45cf96a65ddb6fef7087be62cffe3194
S001613,*c1cnc(C2C(c3ccccc3)C(*)C2c2ccccc2)cn1,81ca306de9efacd6271a8fd8ec10d2cbede6901b3d877ee3b92d63f3fc5f59c0
S001614,*CCCCCCCCc1nnc(*)n1N,fad96d7e4157ff1d1c8da67c73f23105531bb5f2feaf9a4fb269b4e04b7ec826
S001615,*N=P(*)(Oc1cccc(Cl)c1)Oc1cccc(Cl)c1,1d1aaced56c83893ce3e10d7d26766befdc4fea407ca8b7197ee9cd4ec47f692
S001616,*N=P(*)(Oc1ccc(CC)cc1)Oc1ccc(CC)cc1,c84a5b7d40d5736c97d11416dfcb653c267da6a3f3e660fc544970170fff28b8
S001617,*c1ccc(*)[nH]1,d2ce25761366483b023936265d656aae0add5a4a9ae40961a56180c98d9a7052
S001618,*c1ccc(*)n1C,727ccfa1dd8ab9eab842fc8dae9d9ba7611c641edf3aed120a32fd1ff6a03a30
S001619,*Nc1ccc(*)cc1,c4d597c69f843b59f0bb536fe463d7debfbbf99b999f5541b52764fdce511838
S001620,*Nc1ccc(*)cc1C,5d349dc31952c7b010e912f2dc46ebbb2790994be5b7ab7768d5a959a59f20b7
S001621,*Nc1ccc(*)cc1Cl,caecd027c4ce71d956d100860ff7276155bb30c6f357b707fc260acff77ba186
S001622,*c1ccc(Cc2ccc(N(*)Cc3ccccc3)cc2)cc1,ba3bcf45280f430e8add16b0c3dfa80221335b769d501b211909ce4fed0b0e83
S001623,*Nc1ccc(*)cc1OC,e697f21025de1b49b6c63ecf0e180996350ff3d8147c13ff3f7fcff0cd27d7bc
S001624,*N=P(*)(Oc1ccc(C(C)(C)C)cc1)Oc1ccc(C(C)(C)C)cc1,84e1013dc8128deb7f5ea339175a1de9ce0de6011a8e5c583c16e9f7f8b5ab68
S001625,*N=P(*)(Oc1ccc(Br)cc1)Oc1ccc(Br)cc1,228fc4d4ffb99531eafefc6a5fef32010a9d1c4a8c2f3311a5c6d81860cd6468
S001626,*N=P(*)(OCCOc1ccc(/N=N/c2ccc(CCCC)cc2)cc1)OCCOc1ccc(/N=N/c2ccc(CCCC)cc2)cc1,c2447051d2d774a051500e54666233f3ae23b0e8ec05e0ab6a5bce246846069b
S001627,*N=P(*)(c1ccccc1)c1ccccc1,ce399c4db989cf5c4b020bd3ba1dd53b0e1f5be1c5e48128b1628b50518385c7
S001628,*N=P(*)(Oc1ccc(OC)cc1)Oc1ccc(OC)cc1,c63ddf4f0df6407973fe62f1964def8637f767777f1730f503e161802895a389
S001629,*N=P(*)(Oc1cccc(F)c1)Oc1cccc(F)c1,5142a3a4de3ca8cbfdc7ce5f57d5089fd86d7b4f5b657a634dc00ef62de5c833
S001630,*N=P(*)(Oc1cccc(Br)c1)Oc1cccc(Br)c1,5d0cad51750fe26828987846d015dd793e2226861c632d7243bb6a64cb74683d
S001631,*N=P(*)(C)c1ccccc1,ba2a6d2d89f0fcb14e8df82e79babdc282754a4c3d3173bcd76fcd4418d94c2f
S001632,*N=P(*)(CC)c1ccccc1,1752c6b672c6fa38c96ba8636510ee380e4ebc6234fddca119945e6d7bc57eae
S001633,*c1cccc(-c2nc3cc(-c4ccc5[nH]c(*)nc5c4)ccc3[nH]2)c1,8d18c6167944afcf613d9df4f69d89dd7c06948b61eea18d67708ddb3e55fd28
S001634,*N=P(*)(NCCC)NCCC,97f942736240d0b857ffc8686bd241ed82bdfb4d859853a0e90e75ccfc6ce3f4
S001635,*c1cc(C)c(*)[nH]1,cb0a9d0d4a2f7c024c5af6202e05773dc8e0c5ccff366ffd277bd948420b6b66
S001636,*c1[nH]c(*)c(OC)c1OC,7cc8f07b1accc682e89d1dbfecc331a9c78de05d218967f4a410579b6928916a
S001637,*N=P(*)(Oc1ccc(C(=O)OC)cc1)Oc1ccc(C(=O)OC)cc1,389d0a5ec4aedfec5cef7b54b6219bb8e95789f81b1f3a8c3aa299cbe941449c
S001638,*N=P(*)(C)CCCC,b063cc18930f7ecec7b8f2c1b1a8bfe5d361fbc9a485612c05b4001438677243
S001639,*N=P(*)(C)CCCCCC,ffe4cc5c4724c612e3198c0e4ab9e2e040fe59f85b0e45a2d48a641a3669871d
S001640,*B1NBN(*)BN1,b27b0cdee10824db0866d673c132dd5de4d09e418397a95001f6f14336bed17c
S001641,*CCCCCCCCCC[N+](*)(C)C,9a8a31f268e0358dd4072a0a8e73bda8e79e14009d90296957bae785eb676d4c
S001642,*c1[nH]c2ccccc2c1*,5cfcce40a555cafd573457ec5cdc7c0095b6fc417e7e799600adbe75cd8d5c26
S001643,*c1ccc(C(c2ccc(-c3nc4cc(-c5ccc6nc(*)[nH]c6c5)ccc4[nH]3)cc2)(C(F)(F)F)C(F)(F)F)cc1,facb5d57f2d0959d874132b1f4208270dfcd796ff9306528d7438e0d46404df8
S001644,*[Si](*)(CCCCC)CCCCC,ee31a44b74a5fbd220eb6f2dc34c40aa1f4e449949d29316aa8d43392a8a33fa
S001645,*O[Si](*)(C)CCCOc1ccc(OC(=O)c2ccc(OC)cc2)cc1,213b3217b98bca020836f830d457dd8d8909f4c10d5fc4d2bbac6a4cca93fb68
S001646,*O[Si](*)(C)CCCCOc1ccc(OC(=O)c2ccc(OC)cc2)cc1,91cb8b971a646c9e9c924cae552162440ec0f49c228a33d5c91eba9a91f5a844
S001647,*O[Si](*)(C)CCCCCOc1ccc(OC(=O)c2ccc(OC)cc2)cc1,4dbe5a972c6dae5c78c896061370bfa13686da69fb3cbac2fdb273025345de43
S001648,*O[Si](*)(C)CCCCCCOc1ccc(OC(=O)c2ccc(OC)cc2)cc1,f019e4b1eceb735835c2b41694d1bb23f8bf57d04a8a32e6e14e1697920b8705
S001649,*O[Si](*)(C)CCCCCCCCCCOc1ccc(OC(=O)c2ccc(OC)cc2)cc1,c6269ac4ee01a5cfd671c16a49af22b63d8dd4cfc1a5557217cc98fb7666305e
S001650,*O[Si](*)(C)CCCCCOc1ccc(OC(=O)c2ccc(OCC)cc2)cc1,ce4b4c498cd89a48c62d83543f372cb2b9560ae5957b42ccbd8368e8d69e999f
S001651,*O[Si](*)(C)CCCCCOc1ccc(OC(=O)c2ccc(OCCCC)cc2)cc1,973b9ec2dfb1a849bf06185f691130adf288de26c9a24620cdf9a1fd5467678e
S001652,*O[Si](*)(C)CCCCCOc1ccc(OC(=O)c2ccc(OCCCCCC)cc2)cc1,0434e9ff826eb53c7140ffe4d76eb6b20dd99c3424fd7a4b49bd75c05d336272
S001653,*O[Si](*)(C)CCCCCOc1ccc(OC(=O)c2ccc(OCCCCCCCC)cc2)cc1,1b3dbc5e0342abee1c100d85e9f752b36af6996b80ba2b133d1e2c7dad981b8c
S001654,*O[Si](C)(C)CC[Si](*)(C)C,9083c4a6d7d49c46ccf6fcaf416e71247a756f94c7e32d67af442a334d7bec4b
S001655,*O[Si](C)(C)CCCCCC[Si](*)(C)C,d6971294e2ac556ba2d30d67caa3caa40b1116759f071f48769de9bb64c00031
S001656,*O[Si](C)(C)CCCCCCCC[Si](*)(C)C,1bc07d2aea51abfb523502fad378c8697861311ceceff38560ee24480e55b78a
S001657,*O[Si](C)(C)c1cccc([Si](*)(C)C)c1,688bd3e146413ea32e17c70ae04fc7100d2e2af45946b1d8c0ffcfa18c9b3b7d
S001658,*O[Si](*)(C)C=C,31a19aa58fb047569b27ba80a1834572232d67df2227a98cc8496fffe608686b
S001659,*[Si](*)(CCCCCCC)CCCCCCC,149caf3efee8b7f09212447d90b55f9a936d30360728111387ab83e8422984e9
S001660,*[Si](*)(CCCCCCCCCCCCCC)CCCCCCCCCCCCCC,84f9772aa0200592b9fc8a58c478f06c2be2364b027ecc10f21142bbe44e4ef6
S001661,*C#Cc1cccc(C#C[SiH](*)c2ccccc2)c1,eb53c5dc5ce43bcc1f74c0e9da11c617300e356ec931b73727e0ca6b02296d84
S001662,*[Si](*)(C)c1ccccc1,849b6b629d0bdccd0558202a097d9deacb9841e2fd3218c07a8c91e5091c0d5f
S001663,*[Si](*)(CC)c1ccccc1,647dfa08e4c8e05d9bf079921ed3370e92381d76bc950443bd31436a9dee7781
S001664,*O[Si](*)(C)CCCCCCCCCCC(=O)Oc1ccc(OC(=O)c2ccc(OCCCC)cc2)cc1,2c73747f29449a5c3d316f5b6ddb57a0bad8aa5954c64a5ffa790bf551a8d5b3
S001665,*[Si](*)(CCCCCC)c1ccccc1,d1866333343c2f07d6db3f27de2c7c2e0728bfb3ed7eb7ac3027036f9b5f92be
S001666,*O[Si](*)(C)CCCOc1ccc(C(=O)OC2CCC3(C)C(=CCC4C3CCC3(C)C(C(C)CCCC(C)C)CCC43)C2)cc1,19182e7cde1df9f36212445d44b158aae56e52871e9c881ae5a872a56ab5e29d
S001667,*CC(=O)C(*)c1ccccc1,ead56e0e5256735b0212398d324d1fec42928479832935604a154e4dc06a6c10
S001668,*CC(=O)C(*)c1ccc(F)cc1,8e422cb5909c3fa8ec0293c6bbd488280d934f9044ca5377563da9656f221e57
S001669,*CC(=O)C(*)c1cccc(C)c1,e954cf8b401dffa446e72fda242a7cfb14d08fd1d790fd0ad343bff7d6330b85
S001670,*CC(=O)C(*)c1ccc(C)cc1,812a7dbcc99c76f85fdc7012bb7dbd5f8e5f2e9730e4d662ba0b6fd0af42ad2b
S001671,*c1cccc(S(=O)(=O)NCCCCCCNS(*)(=O)=O)c1,5f52db92cfcbe9fcd6f2a14a6fc5fec37c6338ac8fd05c2a1860b18aa1025794
S001672,*OS(=O)(=O)c1cc(S(=O)(=O)Oc2ccc(C3(c4ccc(*)cc4)CCCC3)cc2)ccc1C,c669933712f53becb18c706017408f7002d24b605475dc3f648a3f203d7c85a1
S001673,*c1c(C)cc(C(C)(C)c2cc(C)c(S(*)(=O)=O)c(C)c2)cc1C,c2c7757c0547a4392623a6f99cd4c26a00e378623e78794dd471cd9dde48bed9
S001674,*c1ccc(S(=O)(=O)c2ccc(S(*)(=O)=O)c(S(=O)(=O)O)c2)cc1S(=O)(=O)O,632c75405b16bfc92b808408406e81df3ecfc1c5306c88facf31052bf75cf80a
S001675,*/C=C/c1ccc(*)cc1,06e38a9d2c1a7d8820d0ae2409e1ee0a580e866f2a8908865951703b019747bb
S001676,*c1cc(CCCCCCCCCCCC)c(*)cc1CCCCCCCCCCCC,11bb6ea8bec1e598021aa08bd1cda25ccc0099f8abf05df4c4304484e5cfd9ae
S001677,*/C=C/c1cc(OCC(CC)CCCC)c(*)cc1OC,3ff2b43dcbd22b85e2133ca31e66de5537afd1da610b2735b7996af511d844c1
S001678,*c1ccc(-c2ccc(C(*)(C(F)(F)F)C(F)(F)F)cc2)cc1,9913be31ca1809aa570a2ec960e424f095f4a44e08ec9d9f6bf09012f40db03e
S001679,*C#Cc1cc(C#Cc2cc(N)c(*)cc2[N+](=O)[O-])c(OCCOCCOC)cc1OCCOCCOC,d38cfd4308b526152f279d466f3e08a99def7dd8c57914de69eab5898defa903
S001680,*C#Cc1cc(OCCOCCOC)c(C#Cc2ccc(*)c([N+](=O)[O-])c2)cc1OCCOCCOC,114f724b9a6075753f4a241ad78c4d129a18443ed7898e2ee5a68817728f8e0d
S001681,*/C=C/c1cc(CCCCCCCC)c(/C=C/c2ccc(*)cc2)cc1CCCCCCCC,35e1ca266fd6d929a81df017ee811deba0529b8c9299cde90d9082b143850a92
S001682,*/C=C/c1cc(CCCCCCCCC)c(/C=C/c2ccc(*)cc2)cc1CCCCCCCCC,e977301618866db370df8bf47707e70a8d1e8be873484a2c23e34b3de9e6d3eb
S001683,*C#Cc1cc(OCC(CC)CCCC)c(C#Cc2cc(OCCO)c(*)cc2OCCO)cc1OCC(CC)CCCC,e90fae6e9a4e44d2b2b3cdb09b55b9c7cfe98acf93e68f0933d0c68ce2e291bf
S001684,*C#Cc1cc(OCC(CC)CCCC)c(C#Cc2cc(OCCN(CC)CC)c(*)cc2OCCN(CC)CC)cc1OCC(CC)CCCC,eeb4c6c4f3ff556ac98fb027eaf769a4d505e74502fcdd02b440bf2bb6077277
S001685,*C[Se]*,440b26408f80e72b6cbeaa92148784355841dff2b59fe2c086cf53cd7ed09b3e
S001686,*CC(*)(F)C(=O)OCC(F)(F)F,d714a268ffaa6cf241f5d3a5f7c77d8d36a68fefa9a65018247234885258d027
S001687,*CC(*)(F)C(=O)OCC(F)(F)C(F)(F)F,c50a55b18ced319682cb92476de56d2d9d4b5c2f1c6a9b2055dc80662336e215
S001688,*CC(*)(F)C(=O)OCC(F)(F)C(F)F,a75fcf3f957aa9e033f0aa1e372d59fc815054b4dad265d23b20d9e5a43b3357
S001689,*CC(*)(F)C(=O)OCC(F)(F)C(F)(F)C(F)(F)C(F)F,1d7c7d381cccbd9775194f5519eaf5581f017a6aa55fefe89be16d5114c7d25c
S001690,*CC(*)(F)C(=O)OCCC(F)(F)C(F)(F)C(F)(F)C(F)(F)C(F)(F)C(F)(F)C(F)(F)C(F)(F)F,c159e0e350c44a3c3e06c0411a66bfb90a4bc23e44d843574769acc0e6f7c415
S001691,*[Ge](*)(CCCCCC)CCCCCC,ae359d8428c36e1794ed8a18b29b598488e457e57d14b4ba57c8dca8b8a101d1
